Date,Opponent,Result,S,Kills,Errors,Total Attacks,Hit Pct,Assists,Aces,SErr,Digs,RErr,Block Solos,Block Assists,BErr,PTS,Player 0 Kills,Player 0 Errors,Player 0 Total Attacks,Player 0 Hit Pct,Player 0 Assists,Player 0 Aces,Player 0 SErr,Player 0 Digs,Player 0 RErr,Player 0 Block Solos,Player 0 Block Assists,Player 0 BErr,Player 0 PTS
8302019,@ Ohio St.,L 0 - 3,3,24.0,16.0,85.0,0.094,23.0,1.0,11.0,38.0,7.0,2.0,4.0,1.0,29.0,0.0,0.0,0.0,0.0,1.0,0.0,3.0,6.0,1.0,0.0,0.0,0.0,0.0
8302019,"VCU @ Columbus, OH",L 0 - 3,3,24.0,16.0,87.0,0.092,22.0,1.0,10.5,32.0,9.0,1.0,9.0,1.0,14.5,0.0,0.0,0.5,0.0,0.5,0.0,1.5,3.5,0.5,0.0,0.0,0.0,0.0
8312019,"Texas Tech @ Columbus, Ohio",L 1 - 3,4,30.66666666666667,17.0,97.33333333333331,0.132,28.66666666666667,3.0,11.666666666666664,37.0,10.666666666666666,1.6666666666666667,8.0,0.6666666666666666,28.66666666666667,0.0,0.0,0.6666666666666666,0.0,0.6666666666666666,0.6666666666666666,1.0,3.6666666666666665,0.3333333333333333,0.0,0.0,0.0,0.6666666666666666
9062019,Penn,W 3 - 1,4,34.5,17.0,106.25,0.1535,32.25,4.75,11.75,43.75,9.25,2.75,9.0,0.75,38.5,0.0,0.0,1.0,0.0,0.75,0.5,1.0,3.75,0.5,0.0,0.0,0.0,0.5
9062019,UMES,W 3 - 1,4,39.0,16.4,110.8,0.1894,35.8,5.2,12.6,47.2,9.8,2.6,10.0,0.6,45.4,0.0,0.0,1.0,0.0,0.8,0.4,1.0,3.8,0.6,0.0,0.0,0.0,0.4
9072019,Delaware St.,W 3 - 0,3,40.333333333333336,16.166666666666668,110.66666666666669,0.2063333333333333,37.333333333333336,5.666666666666668,12.166666666666664,45.0,9.333333333333334,2.5,10.0,0.6666666666666666,48.16666666666666,0.0,0.0,1.1666666666666667,0.0,0.6666666666666666,0.3333333333333333,0.8333333333333334,3.333333333333333,0.6666666666666666,0.0,0.0,0.0,0.3333333333333333
9072019,Manhattan,W 3 - 0,3,41.0,15.0,106.85714285714286,0.2397142857142857,38.142857142857146,6.0,12.0,43.714285714285715,8.285714285714286,2.4285714285714284,10.0,0.8571428571428571,49.85714285714285,0.0,0.0,1.0,0.0,0.5714285714285714,0.2857142857142857,0.7142857142857143,2.8571428571428568,0.5714285714285714,0.0,0.0,0.0,0.2857142857142857
9102019,NJIT,W 3 - 2,5,44.125,16.0,112.875,0.244375,41.0,6.125,12.125,46.125,7.75,2.25,10.5,0.875,53.75,0.25,0.0,1.75,0.035750000000000004,0.5,0.5,0.875,2.875,0.5,0.0,0.0,0.0,0.75
9132019,"Columbia @ Philadelphia, Pa.",L 1 - 3,4,44.444444444444436,16.333333333333332,115.33333333333331,0.24022222222222225,41.333333333333336,5.5555555555555545,11.888888888888891,45.555555555555564,7.4444444444444455,2.0,10.777777777777779,0.8888888888888888,53.83333333333334,0.3333333333333333,0.1111111111111111,1.7777777777777777,0.03177777777777778,0.4444444444444444,0.4444444444444444,1.0,2.888888888888889,0.4444444444444444,0.0,0.0,0.0,0.7777777777777778
9142019,"Radford @ Philadelphia, Pa.",L 0 - 3,3,44.0,16.3,115.0,0.2376,40.9,5.2,11.3,44.7,7.2,1.9,10.5,0.9,53.15,0.3,0.1,1.8,0.028600000000000007,0.4,0.4,0.9,2.9,0.4,0.0,0.0,0.0,0.7
9142019,@ Temple,L 0 - 3,3,45.0,16.8,117.8,0.2397,41.8,6.0,11.1,45.0,7.2,1.7,10.9,0.9,54.95,0.3,0.1,1.8,0.028600000000000007,0.3,0.4,0.6,2.3,0.3,0.0,0.0,0.0,0.7
9202019,"Elon @ Charlottesville, VA",W 3 - 1,4,48.6,16.9,121.5,0.26480000000000004,45.7,6.6,11.4,47.5,7.0,1.8,10.9,0.9,62.45,0.6,0.2,2.4,0.057200000000000015,0.9,0.5,0.7,3.1,0.4,0.0,0.0,0.0,1.1
9202019,@ Virginia,L 0 - 3,3,46.5,16.4,119.0,0.2533,43.8,6.0,10.4,47.2,6.3,1.5,10.7,1.0,59.35,0.8,0.4,3.0,0.057200000000000015,0.8,0.3,0.7,3.4,0.4,0.0,0.0,0.0,1.1
9212019,"UNC Greensboro @ Charlottesville, VA",W 3 - 1,4,46.9,16.6,118.7,0.2553,44.2,5.7,9.8,46.7,6.3,1.3,11.3,1.1,59.55,1.1,0.5,3.6,0.08220000000000001,0.7,0.4,0.6,3.9,0.4,0.0,0.0,0.0,1.5
9272019,@ Lafayette,W 3 - 2,5,47.8,17.2,121.5,0.2513000000000001,45.1,5.2,9.3,48.0,5.8,1.5,12.9,1.1,60.95,1.1,0.7,3.8,0.015500000000000003,0.7,0.4,0.7,3.6,0.3,0.0,0.0,0.0,1.5
9282019,@ Bucknell,W 3 - 1,4,49.0,17.8,127.6,0.2444000000000001,46.0,4.5,9.1,52.1,5.3,1.5,14.1,1.4,62.05,1.5,0.9,4.6,0.035500000000000004,0.8,0.5,0.8,4.6,0.2,0.0,0.0,0.0,2.0
10042019,@ American,L 0 - 3,3,47.5,19.0,129.1,0.21050000000000008,44.6,3.8,8.3,51.8,5.5,1.5,14.5,1.4,60.05,1.6,1.0,5.0,0.035500000000000004,0.9,0.5,0.8,5.0,0.2,0.0,0.0,0.0,2.1
10052019,@ Navy,L 0 - 3,3,43.7,18.7,121.8,0.19260000000000008,41.3,3.1,7.0,47.8,5.7,1.5,13.5,1.4,55.05,1.4,1.3,4.6,-0.0931,0.9,0.3,0.6,5.3,0.4,0.0,0.0,0.0,1.7
10112019,Colgate,L 0 - 3,3,42.3,18.2,119.1,0.18950000000000009,40.1,3.4,6.5,48.0,5.7,1.8,13.0,1.4,54.0,1.3,1.2,4.4,-0.0931,1.2,0.6,0.4,6.0,0.7,0.0,0.0,0.0,1.9
10122019,Army West Point,L 0 - 3,3,42.1,18.1,119.2,0.18850000000000008,40.0,3.8,6.4,49.0,5.6,1.8,13.2,1.3,54.3,1.3,1.2,4.2,-0.0931,1.2,0.6,0.4,6.4,0.7,0.0,0.0,0.0,1.9
10152019,@ Loyola Maryland,W 3 - 0,3,42.8,17.2,120.6,0.1998000000000001,40.6,3.2,6.4,50.9,5.3,1.9,14.8,1.4,55.3,1.3,1.3,4.3,-0.1931,1.3,0.9,0.5,8.4,0.8,0.0,0.0,0.0,2.2
10202019,Holy Cross,W 3 - 0,3,40.7,17.2,119.1,0.1855000000000001,38.5,2.8,5.5,51.1,4.9,2.3,14.6,1.3,53.1,1.1,1.2,3.7,-0.1217,1.0,0.8,0.4,8.2,0.8,0.0,0.0,0.0,1.9
10262019,Bucknell,W 3 - 0,3,42.9,17.9,122.3,0.19500000000000006,40.2,2.9,5.3,51.9,4.4,2.5,16.2,1.2,56.4,0.9,1.0,3.0,-0.1217,1.1,1.0,0.4,9.0,0.8,0.0,0.0,0.0,1.9
10272019,Lafayette,W 3 - 1,4,43.1,17.8,124.1,0.1942000000000001,40.5,2.8,5.6,53.0,4.2,2.4,16.8,1.2,56.7,0.7,0.9,2.7,-0.1267,1.7,1.0,0.6,10.7,0.8,0.0,0.0,0.0,1.7
11012019,Navy,L 1 - 3,4,41.0,17.5,121.1,0.18690000000000007,38.9,3.0,5.0,50.8,4.4,2.4,14.6,1.4,53.7,0.8,0.7,2.8,-0.03500000000000001,1.9,1.1,0.4,12.1,1.3,0.0,0.0,0.0,1.9
11022019,American,L 0 - 3,3,38.4,17.3,112.7,0.18080000000000013,36.8,3.0,4.9,46.7,5.2,2.4,13.0,1.0,50.3,0.4,0.5,1.9,-0.055000000000000014,1.8,1.0,0.4,12.4,1.6,0.0,0.0,0.0,1.4
11082019,@ Army West Point,L 1 - 3,4,39.5,17.4,118.4,0.18350000000000014,37.5,3.3,5.6,50.1,5.7,2.8,12.4,0.9,51.8,0.3,0.4,1.8,-0.055000000000000014,2.2,1.2,0.7,13.5,1.7,0.0,0.0,0.0,1.5
11092019,@ Colgate,L 0 - 3,3,40.2,17.2,121.8,0.18840000000000007,38.1,3.6,6.2,52.4,5.4,3.0,12.4,0.9,53.0,0.3,0.1,1.7,0.045,2.5,1.2,0.7,14.2,1.6,0.0,0.0,0.0,1.5
11122019,Loyola Maryland,L 1 - 3,4,41.6,18.4,127.1,0.18380000000000013,39.4,3.8,6.0,55.7,5.5,3.5,13.2,1.0,55.5,0.3,0.1,1.8,0.045,2.4,0.9,0.7,15.4,1.4,0.0,0.0,0.0,1.2
11172019,@ Holy Cross,W 3 - 1,4,43.4,18.7,130.4,0.18940000000000007,41.2,4.0,6.6,58.0,5.4,3.5,13.6,1.1,57.7,0.3,0.1,2.0,0.045,3.1,1.0,0.8,16.0,1.5,0.0,0.0,0.0,1.3
11192019,@ Navy,L 0 - 3,3,42.1,19.2,128.7,0.17660000000000015,40.0,4.0,6.4,56.9,5.8,3.5,12.2,1.0,55.7,0.3,0.0,1.9,0.145,3.2,0.7,0.9,15.9,1.4,0.0,0.0,0.0,1.0
8242018,Duquesne,W 3 - 1,4,43.7,19.6,131.8,0.18070000000000014,41.1,4.3,6.8,57.9,6.1,3.7,11.4,1.2,57.4,11.4,4.9,32.4,0.17250000000000004,0.6,0.9,2.1,7.1,1.8,0.2,1.5,0.3,13.25
8272018,"Saint Peter's @ Easton, PA",W 3 - 0,3,44.1,19.8,133.6,0.17970000000000014,41.9,4.5,6.9,59.0,6.1,4.3,9.8,1.2,57.8,10.3,4.4,29.6,0.15110000000000007,0.6,0.9,2.0,6.4,1.6,0.2,1.3,0.3,12.05
8312018,Rutgers,W 3 - 2,5,44.5,20.4,133.6,0.17830000000000013,42.3,4.3,7.4,58.6,6.2,4.5,7.8,1.2,57.2,8.9,3.9,25.9,0.19030000000000008,0.6,0.7,1.6,6.1,1.6,0.3,0.9,0.2,10.35
8312018,Rider,W 3 - 0,3,44.2,20.1,130.7,0.18490000000000006,41.9,4.4,7.7,57.3,5.4,5.2,7.2,1.1,57.4,7.8,4.0,23.9,0.15350000000000008,0.6,0.6,1.3,5.4,1.5,0.5,0.7,0.2,9.25
9012018,Coppin St.,W 3 - 0,3,45.9,19.3,132.4,0.2063000000000001,43.5,4.8,8.0,58.5,4.6,5.2,7.0,1.5,59.4,6.6,3.3,21.3,0.13740000000000008,0.5,0.6,1.2,5.5,1.3,0.5,0.7,0.2,8.05
9012018,Manhattan,W 3 - 0,3,45.1,18.5,125.0,0.21790000000000007,43.0,4.9,7.9,55.7,4.3,5.0,7.2,1.4,58.6,6.5,3.0,17.7,0.16710000000000008,0.5,0.5,1.1,5.1,1.1,0.5,0.7,0.1,7.85
9042018,@ NJIT,W 3 - 0,3,45.3,17.8,123.4,0.2292000000000001,43.2,5.2,7.9,55.9,4.3,4.7,8.4,1.3,59.4,5.6,2.9,15.5,0.15700000000000008,0.5,0.9,1.1,4.5,1.0,0.4,0.8,0.0,7.3
9072018,"Saint Francis (PA) @ Philadelphia, Pa.",W 3 - 0,3,44.4,16.9,118.1,0.2356000000000001,42.3,5.0,8.1,53.5,3.8,4.3,7.2,1.2,57.3,5.2,2.2,14.2,0.1741000000000001,0.5,0.9,1.1,4.0,0.8,0.4,0.8,0.1,6.9
9082018,@ Penn,W 3 - 1,4,44.2,16.4,115.7,0.2432000000000001,41.9,4.7,8.6,51.3,4.0,4.5,8.2,1.1,57.5,5.0,2.1,12.8,0.1846000000000001,0.3,0.7,1.2,3.5,0.6,0.4,1.0,0.1,6.6
9082018,Radford @ Philadelphia,L 1 - 3,4,45.9,17.0,119.9,0.2477000000000001,43.7,4.6,8.4,53.6,3.8,4.5,8.4,1.1,59.2,5.8,2.9,16.5,0.1846000000000001,0.2,0.9,1.2,3.5,0.3,0.4,1.1,0.2,7.65
9112018,UMES,W 3 - 1,4,46.0,17.1,118.5,0.2504000000000001,44.1,4.9,8.7,51.2,3.8,4.2,8.4,1.0,59.3,6.9,3.1,18.7,0.2156000000000001,0.1,1.0,1.5,3.4,0.0,0.4,1.1,0.2,8.85
9142018,@ George Mason,W 3 - 1,4,46.9,16.9,119.7,0.2561000000000001,45.0,4.9,9.2,52.4,4.1,3.7,10.7,1.1,60.85,8.4,3.7,22.8,0.2376000000000001,0.1,1.0,1.7,3.8,0.0,0.4,1.3,0.2,10.45
9212018,Loyola Maryland,W 3 - 2,5,47.1,17.2,121.4,0.2533000000000001,45.1,5.1,8.5,51.6,4.0,4.0,11.3,1.1,61.85,9.4,4.2,25.3,0.19590000000000013,0.2,1.0,1.8,4.3,0.0,0.3,1.4,0.2,11.4
9222018,Navy,L 2 - 3,5,47.4,18.8,131.3,0.2323000000000001,45.4,4.9,8.1,56.2,4.3,3.6,11.7,1.2,61.75,9.8,4.6,27.5,0.19950000000000007,0.2,1.0,2.1,5.7,0.0,0.1,1.4,0.2,11.6
9282018,@ Army West Point,W 3 - 2,5,47.9,19.6,137.9,0.21600000000000014,45.8,4.6,7.6,58.7,4.8,3.8,13.5,1.1,63.05,11.5,4.8,31.6,0.2321000000000001,0.2,0.9,2.1,5.9,0.0,0.2,1.7,0.3,13.45
9292018,@ Holy Cross,W 3 - 2,5,49.9,20.9,146.5,0.20770000000000016,47.7,4.7,7.6,61.8,5.2,3.7,15.1,1.3,65.85,11.8,5.1,34.6,0.20780000000000007,0.2,1.1,2.3,6.4,0.3,0.2,2.2,0.3,14.2
10052018,Lafayette,W 3 - 0,3,50.1,21.4,148.0,0.2017000000000002,47.7,4.6,7.7,62.2,5.4,4.3,14.1,1.4,66.05,12.1,5.1,35.7,0.21120000000000005,0.2,0.7,2.5,6.8,0.3,0.2,2.3,0.4,14.15
10072018,@ Bucknell,W 3 - 1,4,52.2,21.1,151.1,0.2147000000000002,49.9,4.8,8.8,62.5,5.7,4.3,15.1,1.9,68.85,12.2,5.5,35.9,0.1988000000000001,0.2,0.6,2.6,6.7,0.3,0.2,2.5,0.5,14.25
10092018,American,L 2 - 3,5,52.7,22.4,158.2,0.19820000000000015,50.5,4.5,7.6,66.1,6.0,4.5,13.7,2.5,68.55,12.2,6.1,37.1,0.1731000000000001,0.2,0.8,2.4,7.1,0.3,0.3,2.4,0.8,14.5
10122018,@ Colgate,L 2 - 3,5,53.7,22.1,159.3,0.2052000000000002,51.5,4.7,7.9,66.7,5.9,4.4,13.9,2.5,69.75,12.5,5.8,36.1,0.18930000000000008,0.2,0.6,2.4,7.0,0.3,0.3,2.6,0.7,14.7
10192018,@ Navy,L 0 - 3,3,51.1,21.5,156.5,0.1926000000000002,49.1,3.9,7.4,66.6,5.7,4.1,13.5,2.4,65.85,11.7,5.8,34.5,0.16600000000000004,0.2,0.5,2.0,6.5,0.3,0.3,2.6,0.7,13.8
10202018,@ Loyola Maryland,W 3 - 2,5,50.1,21.3,160.0,0.18400000000000025,47.8,4.1,7.9,67.2,5.6,3.9,14.2,2.7,65.2,11.3,5.8,34.8,0.15540000000000007,0.2,0.7,2.1,7.3,0.3,0.3,3.3,0.7,13.95
10262018,Holy Cross,L 2 - 3,5,50.1,21.1,160.4,0.1847000000000002,47.4,4.1,8.3,68.2,6.1,3.3,15.2,2.7,65.1,11.4,6.1,35.7,0.14390000000000008,0.2,0.8,2.2,7.6,0.3,0.3,3.6,0.7,14.3
10272018,Army West Point,L 2 - 3,5,51.1,21.2,157.6,0.1913000000000002,48.3,4.4,8.9,66.1,6.0,3.3,15.4,3.0,66.5,11.9,6.3,36.4,0.1509000000000001,0.3,0.8,2.3,7.0,0.4,0.3,3.9,0.8,14.95
11022018,Bucknell,W 3 - 0,3,50.0,21.5,154.3,0.18620000000000014,47.4,4.6,9.1,64.9,5.4,3.6,14.0,2.8,65.2,11.8,6.6,36.1,0.14390000000000008,0.3,0.8,2.5,7.2,0.4,0.2,3.9,0.7,14.75
11042018,@ Lafayette,W 3 - 1,4,49.4,21.0,151.5,0.18870000000000015,46.7,4.8,8.9,63.9,4.8,3.3,13.8,2.6,64.4,12.7,6.6,36.1,0.16430000000000006,0.3,0.9,2.5,7.0,0.2,0.2,3.9,0.7,15.75
11062018,@ American,W 3 - 0,3,50.1,20.5,150.0,0.20370000000000016,47.3,4.6,8.9,61.9,4.7,3.1,14.0,2.5,64.8,13.1,6.4,36.6,0.17960000000000007,0.3,0.9,2.4,6.9,0.2,0.2,4.0,0.6,16.2
11092018,Colgate,L 0 - 3,3,47.8,20.8,150.0,0.18500000000000014,44.8,4.4,7.6,62.1,4.7,2.9,13.4,2.0,61.8,12.8,6.3,36.7,0.17240000000000008,0.3,0.8,2.2,6.9,0.2,0.1,3.9,0.5,15.65
8252017,Marist,L 1 - 3,4,46.2,20.8,145.5,0.17940000000000014,43.3,4.7,7.9,59.4,4.6,3.0,13.2,1.4,60.5,9.3,3.7,30.1,0.18339999999999995,0.2,0.0,0.1,4.7,0.3,0.1,0.6,0.2,9.7
8252017,Saint Peter's,W 3 - 0,3,45.5,19.9,139.3,0.19450000000000012,42.1,5.0,8.3,56.4,4.3,3.0,12.4,1.3,59.7,8.6,3.7,27.9,0.16829999999999995,0.1,0.1,0.3,4.1,0.1,0.1,0.4,0.2,9.0
8262017,Radford,L 0 - 3,3,45.6,20.6,140.9,0.18740000000000012,41.9,5.0,8.2,57.6,4.2,3.1,12.8,1.3,60.1,8.3,4.0,28.4,0.13779999999999998,0.1,0.1,0.3,4.0,0.0,0.1,0.4,0.2,8.7
8262017,Coppin St.,W 3 - 0,3,45.2,20.0,133.6,0.19860000000000014,41.8,4.9,7.9,54.8,3.9,3.1,10.2,0.9,58.3,7.9,3.7,25.5,0.15419999999999998,0.2,0.1,0.3,3.5,0.0,0.1,0.3,0.1,8.25
9012017,Saint Francis (PA),W 3 - 0,3,44.2,18.9,128.0,0.2092000000000002,41.1,5.1,7.5,52.9,3.3,3.5,8.4,0.9,57.0,7.2,3.7,23.7,0.14719999999999994,0.2,0.1,0.4,3.5,0.0,0.1,0.2,0.2,7.5
9022017,Central Conn. St.,L 2 - 3,5,45.2,18.1,129.2,0.21820000000000014,41.9,4.8,7.1,54.4,3.2,3.5,9.6,0.9,58.3,5.8,3.6,21.2,0.11209999999999998,0.2,0.1,0.4,2.9,0.0,0.0,0.2,0.1,6.0
9022017,Norfolk St.,W 3 - 0,3,45.1,17.5,124.7,0.2314000000000002,41.3,4.8,7.0,52.3,3.5,2.8,9.8,1.3,57.6,5.2,3.5,19.6,0.0921,0.2,0.1,0.4,2.7,0.0,0.0,0.2,0.1,5.4
9082017,"Utah Valley @ Fort Worth, Texas",W 3 - 0,3,45.0,17.5,122.9,0.2333000000000002,41.3,4.7,7.0,51.8,3.3,2.9,8.6,1.3,56.9,5.4,3.2,18.1,0.11589999999999998,0.3,0.1,0.4,2.6,0.1,0.0,0.2,0.1,5.6
9092017,@ TCU,L 1 - 3,4,43.7,18.5,125.9,0.20750000000000016,40.0,4.6,7.3,53.1,3.3,2.7,8.2,1.5,55.1,5.0,3.2,17.9,0.09479999999999997,0.2,0.1,0.5,2.6,0.2,0.0,0.2,0.1,5.2
9092017,"Duke @ Fort Worth, Texas",L 2 - 3,5,46.6,20.1,132.4,0.20950000000000016,43.0,4.5,8.1,55.6,3.1,2.6,9.2,1.8,58.3,5.9,3.1,19.1,0.11989999999999995,0.3,0.1,0.5,2.3,0.2,0.0,0.3,0.1,6.15
9122017,Villanova,W 3 - 0,3,46.7,19.2,129.1,0.22150000000000014,43.0,4.6,8.1,54.8,2.4,2.4,9.0,1.9,58.2,6.1,3.2,18.9,0.12759999999999996,0.3,0.1,0.4,2.3,0.2,0.0,0.2,0.1,6.3
9152017,@ Sacred Heart,W 3 - 1,4,45.5,20.0,131.2,0.19880000000000014,42.2,4.1,8.0,54.6,3.0,2.7,10.2,2.1,57.4,6.1,3.4,19.7,0.11599999999999995,0.3,0.0,0.2,2.1,0.3,0.0,0.6,0.1,6.4
9162017,"Hartford @ Fairfield, Conn.",W 3 - 0,3,46.3,18.8,128.7,0.22270000000000015,43.1,4.3,8.0,53.7,3.6,2.5,11.8,2.3,59.0,6.0,3.1,17.8,0.14019999999999996,0.3,0.0,0.2,1.9,0.4,0.0,0.6,0.1,6.3
9162017,"Brown @ Fairfield, Conn.",W 3 - 0,3,46.1,19.0,126.4,0.22490000000000016,42.6,4.2,7.5,52.4,3.6,2.5,12.4,2.5,59.0,5.4,3.0,16.1,0.11079999999999997,0.2,0.0,0.2,1.9,0.4,0.0,0.6,0.1,5.7
9222017,Colgate,W 3 - 0,3,45.6,18.7,126.0,0.22420000000000007,42.1,4.1,7.5,52.0,3.7,2.1,13.4,2.5,58.5,4.5,2.6,14.0,0.08699999999999998,0.2,0.0,0.1,1.3,0.4,0.0,0.5,0.0,4.75
9232017,Holy Cross,W 3 - 0,3,44.2,18.2,120.6,0.2270000000000001,40.7,4.0,7.5,49.9,3.9,1.7,12.2,2.1,56.0,4.9,2.6,15.0,0.10519999999999996,0.2,0.0,0.1,1.4,0.4,0.0,0.5,0.0,5.15
9302017,Lafayette,W 3 - 1,4,45.8,17.9,123.8,0.2348000000000001,42.4,4.4,8.0,50.4,4.0,1.9,12.0,1.9,58.1,5.7,2.6,15.9,0.14959999999999996,0.3,0.0,0.2,1.6,0.4,0.0,0.6,0.0,6.0
10012017,Bucknell,W 3 - 0,3,45.1,17.7,121.0,0.2356000000000001,41.7,4.0,8.1,48.2,4.1,2.0,12.8,2.0,57.5,5.5,2.5,15.4,0.15079999999999996,0.3,0.0,0.2,1.3,0.3,0.1,0.8,0.0,6.0
10062017,@ American,L 0 - 3,3,45.8,17.4,119.5,0.2455000000000001,42.6,3.9,7.3,47.5,3.8,1.9,13.4,1.9,58.3,5.2,2.2,14.3,0.15079999999999996,0.3,0.0,0.2,1.4,0.2,0.1,0.9,0.0,5.75
10072017,Loyola Maryland,W 3 - 1,4,45.0,16.2,112.4,0.2569000000000001,41.7,4.6,6.8,45.3,3.9,2.1,12.6,1.6,58.0,3.8,1.9,10.5,0.12189999999999995,0.2,0.0,0.2,1.3,0.2,0.1,0.8,0.0,4.3
10102017,@ Navy,L 1 - 3,4,44.6,17.0,115.1,0.2440000000000001,41.3,4.5,7.0,46.8,4.8,2.0,12.4,1.5,57.3,3.9,2.1,11.1,0.11219999999999997,0.2,0.0,0.2,1.2,0.3,0.2,0.8,0.0,4.5
10132017,Army West Point,L 2 - 3,5,47.8,17.6,121.5,0.2532000000000001,43.9,5.4,7.1,49.7,4.1,1.8,11.2,1.6,60.6,4.5,2.1,12.4,0.13099999999999995,0.2,0.0,0.2,1.3,0.2,0.2,0.4,0.0,4.9
10202017,@ Holy Cross,W 3 - 1,4,49.0,18.7,126.4,0.2431000000000001,44.5,6.0,7.1,51.6,3.2,2.1,10.2,1.4,62.2,5.4,2.4,14.7,0.13599999999999995,0.2,0.0,0.2,1.5,0.1,0.2,0.7,0.0,5.95
10212017,@ Colgate,L 0 - 3,3,49.1,19.3,128.7,0.2332000000000001,44.8,5.7,7.4,52.0,3.5,2.3,10.0,1.2,62.1,6.1,3.0,17.7,0.13929999999999995,0.2,0.0,0.2,1.5,0.1,0.3,0.9,0.0,6.85
10272017,@ Bucknell,L 2 - 3,5,51.8,21.5,136.4,0.2237000000000001,47.4,5.3,8.3,54.6,3.9,2.4,10.0,1.3,64.5,6.9,3.8,21.0,0.13929999999999995,0.4,0.0,0.2,1.7,0.3,0.3,1.2,0.0,7.8
10282017,@ Lafayette,W 3 - 0,3,51.5,22.0,133.9,0.22220000000000006,47.3,5.4,8.5,52.7,3.7,2.5,10.6,1.3,64.7,7.1,4.0,20.8,0.14109999999999995,0.4,0.0,0.2,1.4,0.3,0.4,1.4,0.0,8.2
11032017,@ Loyola Maryland,W 3 - 0,3,49.7,22.2,131.7,0.21060000000000006,45.7,5.0,8.0,53.2,3.4,2.5,10.8,1.0,62.6,6.8,4.0,20.7,0.12609999999999996,0.3,0.0,0.1,1.7,0.3,0.4,1.5,0.0,7.95
11042017,American,L 1 - 3,4,51.4,22.7,137.0,0.21110000000000007,47.5,4.9,7.8,55.7,3.8,2.5,10.0,1.1,63.8,7.9,4.1,23.2,0.13519999999999996,0.2,0.0,0.1,1.8,0.4,0.3,1.4,0.0,8.9
11072017,Navy,W 3 - 2,5,54.1,24.1,142.9,0.21210000000000007,49.7,5.1,8.1,59.3,4.2,2.6,10.4,1.3,67.0,9.3,4.4,26.0,0.16759999999999994,0.2,0.0,0.0,1.9,0.5,0.3,1.5,0.0,10.35
11102017,@ Army West Point,L 0 - 3,3,50.8,24.0,138.8,0.18930000000000016,46.5,4.3,8.1,56.1,4.3,2.3,9.6,1.5,62.2,9.6,4.9,28.3,0.1589,0.2,0.0,0.0,1.9,0.5,0.3,1.5,0.0,10.65
11182017,@ American,L 0 - 3,3,51.6,23.9,136.1,0.19960000000000014,47.4,3.8,7.5,52.6,3.7,2.1,9.8,1.6,62.4,9.7,4.7,28.2,0.17359999999999998,0.2,0.0,0.0,1.7,0.5,0.2,1.5,0.0,10.65
8262016,"Fordham @ New Britain, CT",L 2 - 3,5,50.0,24.1,130.8,0.1953000000000001,46.3,3.5,7.3,48.9,4.7,2.1,10.0,1.4,60.6,5.5,3.1,15.9,-0.013399999999999943,0.1,0.2,0.1,1.6,0.4,0.0,0.5,0.2,5.95
8272016,"Iona @ New Britain, CT",W 3 - 2,5,50.6,24.9,131.7,0.19270000000000007,47.7,3.8,7.4,50.1,5.0,2.1,9.8,1.5,61.4,6.9,4.6,20.5,-0.004599999999999943,0.3,0.5,0.1,2.2,0.5,0.0,0.6,0.2,7.7
8272016,@ Central Conn. St.,L 2 - 3,5,52.2,26.9,138.5,0.18360000000000012,49.4,4.1,7.4,54.2,5.1,2.1,9.8,1.8,63.3,8.8,6.3,26.3,-0.020799999999999944,0.2,0.5,0.4,2.1,0.5,0.0,0.7,0.2,9.65
9022016,Providence,L 2 - 3,5,51.3,26.8,139.0,0.17890000000000011,48.4,4.0,6.7,54.7,5.0,2.6,10.5,1.6,63.15,10.4,7.0,29.7,0.0057000000000000575,0.2,0.5,0.4,2.4,0.5,0.1,1.0,0.2,11.5
9032016,Saint Peter's,W 3 - 0,3,51.1,26.8,141.3,0.17280000000000012,47.9,4.3,6.6,56.1,5.0,2.2,10.1,1.5,62.65,11.4,7.7,32.5,0.01640000000000006,0.2,0.5,0.4,2.7,0.5,0.1,1.2,0.2,12.6
9032016,Fairleigh Dickinson,W 3 - 0,3,51.6,27.1,142.4,0.1721000000000001,48.0,4.5,6.6,56.0,5.1,2.0,10.1,1.5,63.15,11.6,7.8,32.7,0.020900000000000057,0.3,0.5,0.4,3.0,0.4,0.1,1.1,0.2,12.75
9092016,"Southern Miss. @ Tuscaloosa, AL",L 0 - 3,3,48.8,26.3,137.1,0.1631000000000001,45.3,4.6,7.0,54.6,4.8,2.0,9.9,1.4,60.35,10.7,7.8,31.0,-0.01239999999999994,0.3,0.5,0.5,2.9,0.2,0.1,1.3,0.1,11.95
9092016,"Northwestern St. @ Tuscaloosa, AL",L 1 - 3,4,46.4,25.2,134.8,0.1576000000000001,43.3,4.9,7.5,52.7,4.7,1.9,10.7,1.1,58.55,9.9,7.2,28.4,-0.00029999999999993644,0.3,0.5,0.5,2.6,0.2,0.1,1.2,0.0,11.1
9102016,@ Alabama,L 0 - 3,3,47.1,24.7,134.7,0.1709000000000001,44.1,5.0,7.9,53.6,4.9,1.9,10.7,0.8,59.35,10.1,7.1,28.5,0.015000000000000062,0.3,0.5,0.5,2.6,0.2,0.1,1.2,0.0,11.3
9132016,@ Villanova,L 0 - 3,3,44.8,24.3,133.6,0.1548000000000001,41.8,5.2,8.0,53.7,4.9,1.8,10.1,0.9,56.85,10.5,7.4,30.0,0.11500000000000005,0.3,0.5,0.5,2.6,0.2,0.1,1.2,0.0,11.7
9162016,"Robert Morris @ Pittsburgh, PA",W 3 - 1,4,45.9,24.8,136.9,0.15470000000000012,42.9,5.1,7.5,57.5,4.3,1.7,10.3,1.1,57.85,9.7,7.2,28.7,0.10240000000000007,0.3,0.3,0.4,2.5,0.1,0.1,1.2,0.1,10.7
9172016,@ Pittsburgh,L 0 - 3,3,42.8,23.5,130.3,0.14740000000000011,39.7,4.2,7.2,53.6,4.8,1.5,9.5,1.2,53.25,8.6,5.7,24.7,0.12040000000000005,0.1,0.0,0.4,1.7,0.0,0.1,1.1,0.1,9.25
9172016,"Western Ky. @ Pittsburgh, PA",L 0 - 3,3,39.3,21.5,120.5,0.14110000000000011,36.2,4.4,6.8,47.9,4.4,1.3,8.7,1.1,49.35,6.9,4.4,19.6,0.11440000000000004,0.1,0.0,0.1,1.7,0.0,0.1,1.0,0.1,7.5
9212016,Lafayette,W 3 - 0,3,37.6,19.8,111.6,0.15430000000000013,34.7,5.0,6.8,44.4,4.1,0.5,7.2,1.1,46.7,6.1,4.0,18.1,0.11420000000000005,0.2,0.0,0.1,1.6,0.1,0.0,0.8,0.1,6.5
9232016,@ Navy,W 3 - 1,4,38.9,19.8,114.7,0.15900000000000014,36.4,4.6,6.9,45.5,4.5,1.4,6.8,1.4,48.3,6.3,3.9,19.2,0.11890000000000005,0.2,0.0,0.1,1.3,0.1,0.2,0.7,0.1,6.85
9242016,@ Loyola Maryland,W 3 - 0,3,38.4,19.0,114.5,0.16210000000000013,36.0,4.5,6.6,45.6,4.6,1.4,7.2,1.8,47.9,6.4,3.6,20.2,0.12700000000000006,0.1,0.0,0.1,1.1,0.1,0.2,1.1,0.2,7.15
9302016,Bucknell,W 3 - 1,4,41.2,19.7,120.2,0.1712000000000001,38.6,4.9,6.2,48.0,4.4,1.9,6.6,2.1,51.3,6.2,3.5,20.1,0.11590000000000004,0.1,0.0,0.0,1.0,0.1,0.2,0.9,0.2,6.85
10012016,@ Colgate,L 0 - 3,3,39.9,20.3,116.5,0.15920000000000012,37.5,4.4,5.5,46.9,4.8,1.8,5.7,2.2,48.95,6.2,3.7,20.4,0.1003,0.1,0.0,0.0,0.9,0.1,0.2,1.3,0.2,7.05
10072016,@ American,L 0 - 3,3,39.6,20.5,115.8,0.15470000000000012,37.0,4.8,5.4,45.3,5.1,2.0,5.9,2.5,49.35,5.6,3.6,19.1,0.04740000000000001,0.1,0.0,0.0,0.9,0.1,0.3,1.5,0.3,6.65
10112016,George Washington,W 3 - 2,5,43.8,21.4,121.4,0.17360000000000012,41.2,5.8,6.3,47.9,5.1,2.5,6.3,2.4,55.25,5.6,3.5,18.6,0.056500000000000015,0.1,0.0,0.0,0.9,0.1,0.3,1.5,0.3,6.65
10142016,Holy Cross,W 3 - 0,3,42.2,19.4,115.2,0.18860000000000013,39.5,5.5,7.0,44.5,5.0,2.7,6.1,2.5,53.45,4.8,2.9,15.9,0.049100000000000005,0.1,0.0,0.0,0.8,0.1,0.3,1.4,0.2,5.8
10152016,Army West Point,L 1 - 3,4,45.1,19.6,121.1,0.20320000000000013,42.2,6.1,7.2,47.4,4.5,3.0,7.1,2.4,57.75,4.4,2.7,14.5,0.034800000000000005,0.1,0.0,0.0,0.8,0.1,0.3,1.4,0.2,5.4
10182016,@ Lafayette,W 3 - 2,5,48.0,19.5,127.6,0.22150000000000014,44.5,6.1,8.0,51.2,4.9,3.3,8.1,2.4,61.45,5.2,2.4,15.6,0.07550000000000001,0.2,0.0,0.0,0.5,0.1,0.3,1.5,0.3,6.25
10212016,Loyola Maryland,W 3 - 0,3,48.0,19.2,126.6,0.22790000000000016,44.6,5.7,7.5,51.5,5.0,3.8,8.5,2.3,61.75,4.9,2.6,14.8,0.049200000000000015,0.1,0.0,0.0,0.4,0.0,0.3,1.6,0.3,6.0
10222016,Navy,L 2 - 3,5,48.3,19.7,132.4,0.22070000000000015,45.1,5.9,7.3,54.4,4.8,3.2,9.3,2.0,62.05,4.8,2.7,13.7,0.04810000000000001,0.1,0.0,0.0,0.7,0.0,0.1,1.7,0.3,5.75
10282016,@ Bucknell,L 1 - 3,4,49.0,21.8,136.1,0.2043000000000002,46.0,5.7,7.9,55.3,4.8,3.4,9.9,1.7,63.05,4.6,3.1,13.7,0.025000000000000012,0.1,0.0,0.0,0.7,0.0,0.1,1.4,0.2,5.4
10292016,Colgate,L 0 - 3,3,47.3,20.9,130.9,0.20770000000000025,44.6,5.3,7.7,52.6,5.4,2.8,10.3,1.3,60.55,4.7,3.0,13.3,0.05610000000000002,0.1,0.0,0.0,0.7,0.0,0.1,1.5,0.2,5.55
11052016,American,W 3 - 0,3,49.1,19.6,129.6,0.23880000000000026,46.2,5.7,8.1,52.6,4.8,2.9,10.0,1.2,62.7,4.7,2.7,12.4,0.10060000000000002,0.1,0.0,0.0,0.7,0.0,0.1,1.4,0.2,5.5
11112016,@ Army West Point,L 1 - 3,4,51.4,19.6,135.1,0.25020000000000026,48.5,5.4,7.8,55.6,4.9,3.3,11.8,0.9,66.0,4.7,2.5,11.9,0.09350000000000004,0.1,0.0,0.0,0.7,0.0,0.0,1.3,0.1,5.35
11122016,@ Holy Cross,L 0 - 3,3,49.0,19.2,132.4,0.2400000000000002,45.9,4.3,7.2,55.7,4.9,2.9,12.0,0.9,62.2,4.3,2.2,10.8,0.08440000000000003,0.1,0.0,0.0,0.7,0.0,0.0,1.3,0.1,4.95
