Date,Opponent,Result,S,Kills,Errors,Total Attacks,Hit Pct,Assists,Aces,SErr,Digs,RErr,Block Solos,Block Assists,BErr,PTS,Player 7 Kills,Player 7 Errors,Player 7 Total Attacks,Player 7 Hit Pct,Player 7 Assists,Player 7 Aces,Player 7 SErr,Player 7 Digs,Player 7 RErr,Player 7 Block Solos,Player 7 Block Assists,Player 7 BErr,Player 7 PTS,Player 8 Kills,Player 8 Errors,Player 8 Total Attacks,Player 8 Hit Pct,Player 8 Assists,Player 8 Aces,Player 8 SErr,Player 8 Digs,Player 8 RErr,Player 8 Block Solos,Player 8 Block Assists,Player 8 BErr,Player 8 PTS
8302019,"Morehead St. @ Rock Hill, SC",L 0 - 3,3,25.0,21.0,96.0,0.042,24.0,0.0,6.0,31.0,8.0,2.0,8.0,0.0,31.0,0.0,0.0,0.0,0.0,0.0,0.0,0.0,0.0,0.0,0.0,0.0,0.0,0.0,0.0,0.0,0.0,0.0,7.0,0.0,0.0,2.0,0.0,0.0,0.0,0.0,0.0
8312019,@ Winthrop,L 0 - 3,3,28.0,22.0,108.5,0.054000000000000006,24.5,0.0,6.5,41.0,5.5,2.0,6.0,0.5,33.0,0.0,0.0,0.5,0.0,0.0,0.0,2.0,0.0,0.0,0.0,0.0,0.0,0.0,0.5,0.0,0.5,0.5,10.0,0.0,0.5,4.0,0.0,0.0,0.0,0.0,0.5
8312019,"Davidson @ Rock Hill, SC",L 0 - 3,3,32.0,21.33333333333333,103.66666666666669,0.107,28.33333333333333,1.0,7.666666666666668,39.333333333333336,5.666666666666668,1.6666666666666667,6.666666666666668,2.0,38.0,0.0,0.0,0.3333333333333333,0.0,0.0,0.0,2.333333333333333,0.0,0.0,0.0,0.0,0.0,0.0,0.6666666666666666,0.0,0.6666666666666666,0.6666666666666666,11.666666666666664,0.3333333333333333,0.3333333333333333,5.666666666666668,0.3333333333333333,0.0,0.0,0.0,1.0
9062019,"Dartmouth @ Asheville, NC",L 0 - 3,3,32.0,21.25,105.75,0.10475,29.0,0.75,7.5,42.0,4.75,1.5,5.5,1.5,37.0,0.0,0.0,0.25,0.0,0.0,0.0,2.0,0.0,0.0,0.0,0.0,0.0,0.0,0.5,0.0,1.5,0.5,11.75,0.25,0.25,5.75,0.25,0.0,0.0,0.0,0.75
9072019,@ UNC Asheville,L 1 - 3,4,34.4,23.0,113.8,0.103,31.6,1.2,7.2,45.6,5.0,1.4,6.8,1.2,40.4,0.2,0.0,0.4,0.2,0.0,0.0,2.0,0.0,0.0,0.0,0.0,0.0,0.2,0.6,0.0,1.8,0.4666,11.8,0.4,0.2,6.6,0.2,0.0,0.0,0.0,1.0
9072019,"Eastern Ky. @ Asheville, NC",L 0 - 3,3,34.333333333333336,21.66666666666667,113.5,0.11416666666666668,31.16666666666667,1.1666666666666667,7.333333333333332,44.5,4.666666666666667,1.1666666666666667,6.666666666666668,1.0,40.0,0.16666666666666666,0.3333333333333333,1.5,0.11900000000000001,0.0,0.0,1.6666666666666667,0.3333333333333333,0.0,0.0,0.0,0.0,0.16666666666666666,0.8333333333333334,0.0,2.333333333333333,0.4555,12.166666666666664,0.5,0.16666666666666666,6.166666666666668,0.16666666666666666,0.0,0.0,0.0,1.3333333333333333
9102019,@ Charleston So.,L 0 - 3,3,33.714285714285715,21.571428571428577,111.42857142857143,0.11085714285714286,30.42857142857143,1.5714285714285714,7.428571428571429,43.85714285714285,5.428571428571429,1.0,7.428571428571429,1.7142857142857142,40.0,0.42857142857142855,0.8571428571428571,2.571428571428572,0.07028571428571427,0.0,0.0,1.5714285714285714,0.7142857142857143,0.2857142857142857,0.0,0.0,0.0,0.42857142857142855,0.7142857142857143,0.0,2.142857142857143,0.39042857142857146,12.0,0.42857142857142855,0.14285714285714285,6.571428571428571,0.14285714285714285,0.0,0.0,0.0,1.1428571428571428
9132019,@ Wofford,L 1 - 3,4,34.625,21.5,111.5,0.119375,31.25,1.875,7.875,43.5,5.75,1.375,6.75,1.75,41.25,0.75,1.125,3.25,0.0615,0.0,0.0,1.5,0.625,0.25,0.0,0.0,0.0,0.75,0.75,0.125,2.125,0.341625,12.0,0.5,0.125,6.25,0.125,0.0,0.0,0.0,1.25
9132019,"Gardner-Webb @ Spartanburg, SC",W 3 - 1,4,37.77777777777778,21.66666666666667,116.77777777777777,0.13411111111111113,34.0,2.2222222222222223,7.888888888888888,46.111111111111114,5.4444444444444455,1.3333333333333333,7.333333333333332,1.7777777777777777,45.0,0.6666666666666666,1.0,2.888888888888889,0.05466666666666667,0.0,0.0,1.3333333333333333,0.5555555555555556,0.2222222222222222,0.0,0.0,0.0,0.6666666666666666,0.7777777777777778,0.1111111111111111,2.1111111111111107,0.3592222222222222,12.333333333333336,0.4444444444444444,0.1111111111111111,6.333333333333332,0.1111111111111111,0.0,0.0,0.0,1.2222222222222223
9142019,"Alabama A&M @ Spartanburg, SC",W 3 - 0,3,38.6,20.4,115.1,0.1577,34.5,2.5,7.5,45.2,5.1,1.5,7.8,2.0,46.5,0.6,0.9,2.6,0.0492,0.0,0.0,1.2,0.5,0.2,0.0,0.0,0.0,0.6,0.8,0.1,2.3,0.3483,12.2,0.4,0.1,6.0,0.1,0.0,0.0,0.0,1.2
9172019,USC Upstate,L 1 - 3,4,41.6,20.5,119.9,0.1764,37.5,3.3,8.5,46.8,4.6,1.5,8.1,2.0,50.45,0.7,1.0,3.7,0.0492,0.0,0.0,1.2,0.6,0.2,0.0,0.0,0.0,0.7,0.8,0.1,2.3,0.3483,13.9,0.4,0.1,6.2,0.1,0.0,0.0,0.0,1.2
9202019,"Western Caro. @ Wilmington, NC",L 2 - 3,5,45.3,20.8,126.1,0.1928,41.3,3.7,8.4,50.9,5.2,1.6,9.3,2.1,55.25,0.7,1.0,3.6,0.0492,0.0,0.0,0.8,0.6,0.2,0.0,0.0,0.0,0.7,0.7,0.1,2.3,0.2483,14.7,0.4,0.0,7.2,0.2,0.0,0.0,0.1,1.1
9212019,"Drake @ Wilmington, NC",L 2 - 3,5,47.5,20.7,134.1,0.1962,43.8,4.2,8.6,55.6,5.3,1.7,10.5,2.2,58.65,0.7,1.0,3.6,0.0492,0.0,0.0,0.5,0.6,0.2,0.0,0.0,0.0,0.7,0.6,0.1,2.3,0.14830000000000002,15.8,0.3,0.1,7.7,0.1,0.0,0.0,0.1,0.9
9212019,@ UNCW,L 0 - 3,3,47.8,20.7,133.3,0.19989999999999994,43.9,4.5,8.5,55.4,5.8,1.7,11.1,2.2,59.55,0.7,1.2,4.3,0.0206,0.0,0.0,0.4,1.0,0.2,0.0,0.0,0.0,0.7,0.7,0.1,2.0,0.2483,15.9,0.3,0.1,7.4,0.1,0.0,0.0,0.1,1.0
9272019,South Carolina St.,W 3 - 0,3,47.3,18.6,125.8,0.2325999999999999,43.4,4.9,9.1,52.5,5.9,1.6,10.3,2.2,58.95,0.6,1.2,4.2,-0.0794,0.0,0.1,0.2,1.1,0.2,0.0,0.0,0.0,0.7,0.6,0.1,1.7,0.215,16.4,0.2,0.2,6.7,0.1,0.0,0.0,0.1,0.8
10012019,N.C. Central,W 3 - 2,5,51.0,20.2,133.5,0.23679999999999995,47.1,5.3,10.0,56.4,6.3,2.1,11.5,2.2,64.15,0.6,1.0,3.5,-0.0508,0.0,0.1,0.2,0.9,0.2,0.0,0.0,0.0,0.7,0.6,0.1,1.4,0.275,17.5,0.3,0.2,7.2,0.1,0.0,0.0,0.1,0.9
10042019,@ Coppin St.,W 3 - 2,5,53.7,20.5,138.2,0.2502999999999999,49.5,5.5,9.8,57.9,6.5,2.1,13.1,2.1,67.85,0.4,0.6,2.6,-0.028600000000000007,0.0,0.1,0.1,0.6,0.0,0.0,0.0,0.0,0.5,0.6,0.1,1.4,0.275,18.7,0.3,0.2,6.9,0.1,0.0,0.0,0.1,0.9
10062019,@ Morgan St.,W 3 - 0,3,52.9,20.0,135.5,0.2524,48.8,5.8,9.7,57.9,6.0,2.0,13.7,2.2,67.55,0.1,0.3,1.8,-0.028600000000000007,0.0,0.1,0.0,0.6,0.0,0.0,0.0,0.0,0.2,0.6,0.0,1.3,0.3750000000000001,18.5,0.4,0.3,7.2,0.1,0.0,0.0,0.1,1.0
10112019,@ Bethune-Cookman,W 3 - 1,4,52.6,20.1,137.8,0.247,49.1,5.7,9.9,59.3,6.2,2.0,14.3,2.2,67.45,0.1,0.3,1.8,-0.028600000000000007,0.0,0.1,0.0,0.6,0.0,0.0,0.0,0.0,0.2,0.6,0.0,1.3,0.375,19.8,0.4,0.4,7.6,0.1,0.0,0.0,0.1,1.0
10132019,@ Florida A&M,W 3 - 1,4,53.7,21.4,140.5,0.23759999999999995,50.3,5.8,10.3,61.7,6.9,2.3,14.3,2.2,68.95,0.1,0.3,1.8,-0.028600000000000007,0.0,0.1,0.0,0.6,0.0,0.0,0.0,0.0,0.2,0.7,0.0,1.2,0.4167,20.4,0.6,0.6,8.1,0.1,0.0,0.0,0.1,1.3
10182019,UMES,W 3 - 2,5,54.1,22.0,141.6,0.2347,50.6,5.2,9.2,62.9,7.6,2.6,14.2,2.4,69.0,0.0,0.2,0.7,-0.028600000000000007,0.0,0.1,0.0,0.5,0.0,0.0,0.0,0.0,0.1,0.8,0.0,1.4,0.4667,20.5,0.6,0.6,8.2,0.1,0.0,0.0,0.1,1.4
10202019,Delaware St.,W 3 - 0,3,50.5,20.9,131.9,0.2315,47.4,5.3,9.0,56.8,7.1,2.6,13.6,2.2,65.2,0.5,0.5,1.7,-0.008600000000000002,0.0,0.1,0.0,0.5,0.0,0.0,0.0,0.0,0.6,0.9,0.0,1.5,0.5166999999999999,19.8,0.7,0.6,7.6,0.0,0.0,0.0,0.0,1.6
10252019,@ Norfolk St.,W 3 - 0,3,47.5,21.2,125.1,0.21619999999999995,44.4,5.2,8.6,53.4,6.7,2.5,12.6,1.7,61.5,0.5,0.6,1.8,-0.1086,0.0,0.1,0.0,0.6,0.0,0.0,0.0,0.0,0.6,0.9,0.0,1.5,0.5166999999999999,18.2,0.8,0.5,7.0,0.0,0.0,0.0,0.0,1.7
10272019,@ Howard,L 2 - 3,5,49.4,22.0,130.2,0.2188,45.6,5.1,9.0,54.0,6.9,2.7,14.6,1.9,64.5,0.5,0.4,1.1,-0.08,0.0,0.1,0.0,0.2,0.0,0.0,0.0,0.0,0.6,0.8,0.0,1.4,0.4167,18.8,0.8,0.5,7.2,0.0,0.0,0.0,0.0,1.6
11012019,@ N.C. Central,W 3 - 1,4,50.3,23.1,136.1,0.19799999999999995,46.6,5.2,8.1,57.3,7.0,2.9,15.8,2.0,66.3,0.5,0.4,1.1,-0.08,0.0,0.0,0.0,0.1,0.0,0.0,0.0,0.0,0.5,0.8,0.0,1.6,0.4167,19.0,0.8,0.4,8.4,0.0,0.0,0.0,0.0,1.6
11062019,@ South Carolina St.,W 3 - 0,3,47.1,21.2,125.3,0.21009999999999995,43.4,5.7,6.7,53.0,6.7,2.4,15.6,2.0,63.0,0.8,0.5,2.5,-0.06570000000000001,0.0,0.3,0.0,0.2,0.0,0.0,0.0,0.0,1.1,0.7,0.0,1.5,0.4167,18.1,0.8,0.4,7.9,0.0,0.0,0.0,0.0,1.5
11152019,Bethune-Cookman,W 3 - 0,3,45.3,20.5,121.2,0.2085,42.2,6.4,6.5,52.9,5.7,2.4,14.0,1.5,61.1,1.2,0.7,3.6,-0.0475,0.0,0.3,0.1,0.3,0.0,0.0,0.0,0.0,1.5,0.8,0.0,1.5,0.5166999999999999,17.0,0.9,0.4,7.6,0.0,0.0,0.0,0.0,1.7
11172019,Florida A&M,W 3 - 0,3,45.7,20.2,120.9,0.21779999999999994,42.7,6.5,5.8,53.1,6.1,2.1,14.8,1.2,61.7,1.5,0.8,4.2,-0.01420000000000001,0.0,0.3,0.1,0.3,0.0,0.0,0.0,0.0,1.8,0.7,0.0,1.4,0.4167,17.0,0.8,0.3,7.5,0.0,0.0,0.0,0.0,1.5
11222019,"UMES @ Washington, D.C.",W 3 - 1,4,45.8,20.2,117.6,0.22279999999999994,42.7,6.5,5.5,50.9,6.3,2.1,14.8,1.1,61.8,1.5,0.8,4.2,-0.01420000000000001,0.0,0.3,0.1,0.3,0.0,0.0,0.0,0.0,1.8,0.6,0.0,1.2,0.3667,16.3,0.8,0.4,7.0,0.0,0.0,0.0,0.0,1.4
11232019,"Morgan St. @ Washington, D.C.",L 2 - 3,5,45.4,20.6,122.0,0.21099999999999994,42.7,6.7,5.9,52.1,6.4,1.5,15.8,0.9,61.5,1.5,0.8,4.2,-0.01420000000000001,0.0,0.3,0.1,0.3,0.0,0.0,0.0,0.0,1.8,0.4,0.0,0.9,0.3,17.0,0.7,0.2,7.4,0.0,0.0,0.0,0.0,1.1
12062019,"Troy @ Atlanta, GA",L 0 - 3,3,42.6,19.4,116.5,0.2059999999999999,40.0,6.6,6.3,50.0,6.2,1.0,17.2,0.9,58.8,1.5,0.8,4.2,-0.01420000000000001,0.0,0.3,0.1,0.3,0.0,0.0,0.0,0.0,1.8,0.3,0.0,0.8,0.25,16.0,0.7,0.2,7.2,0.0,0.0,0.0,0.0,1.0
8242018,"Alabama A&M @ Cartersville, Ga.",W 3 - 1,4,45.9,20.8,121.6,0.2124999999999999,42.8,7.1,7.1,52.3,6.5,0.9,16.6,1.1,62.2,4.7,1.2,9.6,0.17290000000000005,0.2,1.0,1.2,1.7,0.1,0.1,2.9,0.0,7.25,1.0,0.5,3.2,-0.034200000000000015,0.0,0.3,0.1,0.3,0.0,0.0,0.0,0.0,1.3
8242018,"Alabama St. @ Cartersville, Ga.",W 3 - 1,4,47.6,21.1,125.7,0.2193999999999999,43.7,7.8,7.2,53.0,7.2,0.9,15.8,1.3,64.2,4.7,1.1,9.5,0.27290000000000003,0.2,0.9,1.1,1.7,0.1,0.1,2.9,0.0,7.15,1.0,0.4,3.1,0.0658,0.0,0.3,0.1,0.2,0.0,0.0,0.0,0.0,1.3
8252018,"Jackson St. @ Cartersville, Ga.",W 3 - 1,4,47.1,20.2,123.7,0.2247999999999999,43.9,8.4,7.2,53.6,6.9,0.9,15.0,1.6,63.9,4.7,1.1,9.5,0.27290000000000003,0.2,0.9,0.8,1.7,0.1,0.1,2.9,0.0,7.15,1.0,0.4,3.1,0.0658,0.0,0.3,0.1,0.2,0.0,0.0,0.0,0.0,1.3
8282018,@ Elon,L 0 - 3,3,45.1,21.0,122.1,0.2032999999999999,41.7,7.9,8.2,51.7,6.5,0.7,14.4,1.5,60.9,4.3,1.2,8.8,0.2465000000000001,0.2,0.8,0.6,1.4,0.1,0.1,2.4,0.0,6.4,1.1,0.4,3.2,0.1658,0.0,0.3,0.1,0.2,0.0,0.0,0.0,0.0,1.4
9052018,@ USC Upstate,L 0 - 3,3,43.8,22.0,124.2,0.17389999999999992,40.7,7.1,9.1,51.6,6.3,0.9,13.4,1.5,58.5,3.7,1.2,7.9,0.17980000000000007,0.2,0.5,0.6,1.2,0.1,0.1,2.1,0.0,5.35,1.1,1.1,3.9,0.12769999999999998,0.0,0.0,0.1,0.1,0.0,0.1,0.0,0.0,1.2
9072018,Delaware St.,L 1 - 3,4,44.9,23.7,127.9,0.16419999999999993,41.0,6.2,9.3,52.2,7.0,1.0,13.0,1.6,58.6,3.3,1.7,8.5,0.10480000000000007,0.2,0.4,0.5,1.1,0.1,0.1,1.7,0.0,4.65,0.7,0.9,2.8,0.1095,0.0,0.0,0.0,0.0,0.0,0.1,0.0,0.0,0.8
9082018,Winthrop,L 0 - 3,3,43.2,24.8,128.7,0.13049999999999992,39.4,5.6,9.9,51.3,7.2,1.1,11.8,1.7,55.8,3.3,2.0,8.9,0.06710000000000008,0.2,0.4,0.5,1.1,0.1,0.1,1.6,0.0,4.6,0.4,0.8,2.2,0.0762,0.0,0.0,0.0,0.0,0.0,0.1,0.0,0.0,0.5
9082018,@ UNC Greensboro,L 0 - 3,3,39.8,25.2,125.1,0.10479999999999992,36.0,5.3,9.9,49.8,7.1,1.1,10.4,1.7,51.4,3.0,1.8,8.0,0.05600000000000007,0.1,0.1,0.5,0.9,0.0,0.1,1.2,0.0,3.8,1.1,1.4,4.1,0.0815,0.0,0.0,0.0,0.0,0.0,0.1,0.0,0.0,1.2
9112018,Gardner-Webb,L 1 - 3,4,38.8,25.9,122.8,0.09579999999999994,34.7,5.0,9.8,48.7,6.7,1.5,9.4,1.7,50.0,2.3,1.7,6.4,0.05290000000000007,0.2,0.0,0.2,0.8,0.0,0.1,0.6,0.0,2.7,1.9,2.2,6.6,0.0815,0.0,0.0,0.0,0.2,0.0,0.1,0.1,0.1,2.05
9212018,"Norfolk St. @ Baltimore, Md.",W 3 - 1,4,41.0,26.1,123.7,0.11289999999999994,36.3,6.1,10.8,48.0,6.5,1.5,8.0,1.6,52.6,2.6,1.6,6.2,0.12150000000000008,0.3,0.0,0.1,0.7,0.1,0.1,0.5,0.0,2.95,3.3,2.5,9.0,0.12730000000000002,0.0,0.2,0.2,0.2,0.0,0.1,0.2,0.1,3.7
9212018,@ Morgan St.,L 1 - 3,4,39.4,26.2,124.6,0.09959999999999994,34.4,5.7,10.7,46.8,6.4,1.5,8.0,1.5,50.6,2.3,1.6,6.3,0.09670000000000008,0.2,0.0,0.1,0.5,0.2,0.1,0.5,0.0,2.65,4.2,3.2,12.1,0.1338,0.1,0.2,0.4,0.3,0.0,0.1,0.2,0.2,4.6
9222018,@ Coppin St.,W 3 - 1,4,39.7,25.9,121.4,0.10939999999999994,35.1,5.4,10.9,44.7,5.5,1.5,9.0,1.6,51.1,2.6,2.0,7.4,0.08760000000000008,0.2,0.0,0.1,0.5,0.2,0.1,0.8,0.0,3.1,5.4,3.8,14.7,0.1569,0.1,0.3,0.7,0.7,0.0,0.1,0.3,0.3,5.95
9232018,@ Howard,L 0 - 3,3,36.9,25.5,116.6,0.09359999999999992,32.3,5.0,10.8,41.8,5.3,1.4,7.8,1.1,47.2,2.7,2.0,8.1,0.10190000000000007,0.3,0.0,0.1,0.5,0.3,0.2,0.8,0.0,3.3,6.1,4.4,16.7,0.16190000000000002,0.1,0.3,0.8,1.1,0.1,0.1,0.4,0.3,6.7
9282018,Florida A&M,L 1 - 3,4,38.4,26.1,118.6,0.10029999999999993,33.9,5.3,11.0,42.5,6.0,1.7,8.0,1.1,49.4,2.5,1.9,8.2,0.09080000000000008,0.3,0.0,0.3,0.5,0.3,0.5,0.8,0.0,3.4,7.3,5.1,20.0,0.07950000000000003,0.1,0.4,0.9,1.3,0.1,0.1,0.4,0.3,8.0
9302018,Bethune-Cookman,W 3 - 0,3,40.6,26.0,120.8,0.11819999999999994,36.3,5.4,10.7,44.6,5.9,2.0,7.8,1.2,51.9,2.9,2.1,9.3,0.10900000000000007,0.3,0.0,0.3,0.6,0.3,0.7,0.9,0.0,4.05,8.2,4.8,20.8,0.1274,0.1,0.4,0.9,1.5,0.1,0.1,0.4,0.3,8.9
10052018,"South Carolina St. @ Orangeburg, SC",W 3 - 0,3,39.4,23.4,113.4,0.15099999999999994,35.4,5.7,10.8,41.7,5.1,2.2,7.8,1.2,51.2,2.6,1.6,7.7,0.20900000000000007,0.3,0.0,0.3,0.5,0.3,0.7,0.9,0.0,3.75,9.4,5.1,22.7,0.1748,0.1,0.4,1.0,1.7,0.1,0.2,0.5,0.3,10.25
10072018,@ Savannah St.,W 3 - 1,4,41.7,23.0,114.5,0.17819999999999994,37.3,6.3,11.7,42.4,4.5,2.2,8.8,1.5,54.6,2.5,1.2,7.0,0.2681000000000001,0.3,0.0,0.5,0.6,0.3,0.7,1.0,0.0,3.7,10.1,5.3,24.3,0.206,0.1,0.4,1.1,1.9,0.1,0.2,0.8,0.4,11.1
10122018,N.C. Central,W 3 - 1,4,45.3,22.8,116.3,0.2073,40.7,7.1,12.4,42.0,4.5,2.3,9.0,1.4,59.2,3.5,1.2,8.4,0.3395000000000001,0.3,0.0,0.5,0.6,0.3,0.8,1.1,0.0,4.85,9.9,5.2,24.3,0.2007,0.1,0.4,1.2,2.0,0.1,0.2,0.9,0.4,10.95
10262018,@ Florida A&M,L 0 - 3,3,44.4,22.0,111.8,0.2092,39.9,7.0,12.3,38.7,4.3,2.0,8.8,1.2,57.8,3.4,1.3,8.6,0.3062000000000001,0.2,0.0,0.4,0.4,0.3,0.8,1.3,0.0,4.85,9.5,5.0,23.2,0.1864,0.1,0.5,1.2,2.1,0.2,0.3,0.9,0.3,10.75
10282018,@ Bethune-Cookman,L 0 - 3,3,42.9,22.8,113.5,0.1866,38.8,6.2,11.3,41.0,4.3,2.1,8.0,1.1,55.2,3.6,1.3,9.0,0.3106000000000001,0.1,0.0,0.5,0.6,0.2,0.8,1.1,0.0,4.95,8.5,5.1,22.2,0.1406,0.1,0.3,1.0,2.2,0.2,0.3,0.8,0.3,9.5
11022018,South Carolina St.,W 3 - 1,4,43.1,22.7,111.2,0.1915,39.6,6.6,10.9,41.8,4.3,2.0,8.2,1.1,55.8,4.0,1.6,9.7,0.3082000000000001,0.1,0.0,0.5,0.8,0.1,0.7,1.1,0.0,5.25,7.8,4.9,20.1,0.1041,0.0,0.3,0.8,2.1,0.2,0.3,0.8,0.2,8.8
11042018,Savannah St.,W 3 - 0,3,42.3,21.6,108.3,0.2038,38.9,6.4,10.5,42.9,4.2,1.9,7.6,0.7,54.4,4.0,1.3,9.2,0.3506000000000001,0.1,0.0,0.5,0.9,0.1,0.7,1.0,0.0,5.2,6.9,4.3,17.9,0.156,0.0,0.2,0.5,1.7,0.2,0.3,0.7,0.1,7.75
11082018,@ N.C. Central,W 3 - 0,3,44.4,21.3,110.5,0.2247,41.2,6.4,10.1,44.0,3.9,1.8,8.8,0.9,57.0,4.3,1.4,9.6,0.3636000000000001,0.0,0.0,0.5,0.9,0.0,0.6,1.7,0.0,5.75,6.2,3.7,15.9,0.151,0.0,0.2,0.4,1.3,0.1,0.3,0.6,0.1,7.0
11162018,"UMES @ Washington, D.C.",W 3 - 2,5,45.8,20.4,111.5,0.2402,41.6,6.8,9.1,44.1,3.4,1.7,8.6,1.0,58.6,4.8,1.5,10.4,0.3858000000000001,0.0,0.0,0.3,0.8,0.0,0.3,1.8,0.0,6.0,4.9,3.0,12.5,0.13340000000000002,0.0,0.1,0.3,1.1,0.1,0.3,0.6,0.1,5.6
11172018,@ Florida A&M,W 3 - 1,4,46.3,20.9,111.7,0.2398,41.5,7.1,9.3,43.4,3.7,1.5,9.4,0.9,59.6,4.9,1.5,10.3,0.3976000000000001,0.1,0.0,0.3,0.9,0.0,0.1,1.9,0.0,5.95,3.7,2.5,9.6,0.1093,0.0,0.1,0.3,0.9,0.1,0.2,0.6,0.1,4.3
11182018,@ Howard,L 0 - 3,3,46.1,22.7,119.3,0.2026,41.7,6.5,9.2,48.2,4.3,1.5,9.2,0.8,58.7,5.0,1.6,11.4,0.31300000000000017,0.1,0.0,0.3,1.1,0.0,0.1,2.0,0.0,6.1,2.5,2.2,7.7,0.0619,0.0,0.1,0.2,0.7,0.1,0.1,0.5,0.1,2.95
8252017,"Alabama A&M @ Montgomery, Ala.",W 3 - 0,3,45.7,23.0,118.4,0.1972,41.2,6.7,8.2,47.3,4.6,1.8,8.8,0.5,58.6,13.3,6.4,31.2,0.26180000000000003,0.1,0.8,1.0,4.2,0.5,0.1,0.8,0.1,14.6,0.0,0.0,0.0,0.0,0.1,0.2,0.2,0.8,0.1,0.0,0.0,0.0,0.2
8262017,@ Alabama St.,L 2 - 3,5,44.5,23.1,120.6,0.18469999999999995,39.8,6.6,7.6,49.6,5.1,1.8,10.0,0.5,57.9,13.5,6.5,32.5,0.2541,0.1,0.6,0.8,4.1,0.6,0.1,0.8,0.1,14.6,0.0,0.0,0.1,0.0,0.1,0.2,0.2,0.8,0.1,0.0,0.0,0.0,0.2
8262017,"Grambling @ MOntgomery, Ala.",W 3 - 1,4,46.0,22.3,122.0,0.20339999999999994,41.3,7.1,7.3,52.1,5.3,1.8,10.4,0.5,60.1,12.7,6.4,30.2,0.2363,0.1,0.5,0.5,3.8,0.7,0.1,0.7,0.1,13.65,0.0,0.0,0.1,0.0,0.1,0.2,0.2,0.9,0.2,0.0,0.0,0.0,0.2
8292017,@ Elon,L 0 - 3,3,44.2,21.5,117.4,0.19639999999999996,39.6,6.8,6.8,49.4,5.3,1.9,10.4,0.5,58.1,11.2,5.7,27.3,0.2168,0.1,0.4,0.4,3.7,0.8,0.1,0.6,0.1,12.0,0.0,0.0,0.1,0.0,0.1,0.2,0.4,1.5,0.3,0.0,0.0,0.0,0.2
9012017,Delaware St.,W 3 - 0,3,42.7,20.5,115.1,0.19549999999999995,37.9,6.5,6.5,49.0,5.1,2.1,10.4,0.4,56.5,9.7,5.0,24.4,0.2061,0.1,0.3,0.4,3.1,0.7,0.1,0.6,0.1,10.4,0.0,0.1,0.2,-0.1,0.2,0.2,0.5,2.8,0.4,0.0,0.0,0.0,0.2
9022017,UNC Greensboro,L 1 - 3,4,42.6,22.0,121.8,0.16819999999999996,37.8,6.0,6.6,50.9,5.8,2.3,11.4,0.4,56.6,9.2,5.5,24.9,0.1641,0.0,0.2,0.4,2.7,0.8,0.1,0.6,0.1,9.8,0.0,0.1,0.4,-0.1,0.3,0.2,0.6,4.3,0.4,0.0,0.0,0.0,0.2
9022017,Presbyterian,L 1 - 3,4,42.3,23.3,123.9,0.15159999999999996,37.4,6.2,6.9,51.1,6.7,2.5,10.6,0.2,56.3,8.9,5.6,25.7,0.1411,0.0,0.2,0.4,2.6,0.7,0.1,0.3,0.1,9.35,0.0,0.2,0.5,-0.2,0.4,0.3,0.9,5.1,0.5,0.0,0.0,0.0,0.3
9082017,"Mississippi Val. @ Jacksonville, Ala.",W 3 - 0,3,40.9,21.7,118.0,0.16939999999999994,37.1,6.1,7.2,50.3,6.5,2.6,10.0,0.4,54.6,8.1,5.0,23.9,0.1595,0.0,0.1,0.4,2.1,0.7,0.1,0.2,0.1,8.4,0.0,0.2,0.6,-0.2,0.4,0.5,1.2,5.5,0.7,0.0,0.0,0.0,0.5
9082017,@ Jacksonville St.,L 0 - 3,3,38.6,21.0,114.9,0.15959999999999994,35.2,5.6,7.3,48.7,6.6,2.6,9.6,0.7,51.6,7.0,4.6,22.8,0.1368,0.0,0.1,0.1,1.7,0.7,0.0,0.2,0.3,7.2,0.0,0.2,0.6,-0.2,0.8,0.6,1.3,6.7,0.9,0.0,0.0,0.0,0.6
9092017,"Alcorn @ Jacksonville, Ala.",W 3 - 0,3,38.1,19.7,107.6,0.17809999999999998,34.7,6.7,7.2,44.0,6.1,2.7,9.2,0.9,52.1,6.5,4.3,19.7,0.1279,0.0,0.2,0.2,1.0,0.7,0.1,0.2,0.3,6.9,0.0,0.2,0.6,-0.2,0.9,0.7,1.2,7.8,0.9,0.0,0.0,0.0,0.7
9092017,"ULM @ Jacksonville, Ala.",L 0 - 3,3,36.4,18.6,105.7,0.17439999999999994,33.3,5.9,7.2,43.4,6.5,2.4,8.4,1.0,48.9,6.6,4.5,20.9,0.0955,0.0,0.2,0.4,1.2,0.6,0.1,0.2,0.4,7.0,0.0,0.2,0.6,-0.2,0.8,0.7,1.3,7.5,1.1,0.0,0.0,0.0,0.7
9122017,Campbell,L 1 - 3,4,34.9,17.8,102.1,0.17319999999999994,32.3,5.8,7.8,41.6,6.8,2.3,7.4,1.0,46.7,5.5,4.2,19.2,0.0794,0.1,0.2,0.6,1.0,0.4,0.1,0.3,0.4,5.95,0.0,0.2,0.5,-0.2,1.0,0.7,1.6,8.7,1.7,0.0,0.0,0.0,0.7
9192017,@ East Carolina,L 0 - 3,3,32.6,18.4,99.8,0.14899999999999994,30.2,5.5,8.1,39.0,6.7,2.3,6.2,1.0,43.5,5.5,4.0,19.9,0.08730000000000003,0.1,0.2,0.8,1.1,0.3,0.1,0.4,0.4,6.0,0.0,0.2,0.5,-0.2,1.1,0.7,1.6,9.4,1.8,0.0,0.0,0.0,0.7
9222017,"UMES @ Hampton, VA",W 3 - 2,5,35.0,19.8,107.7,0.15399999999999994,32.5,6.0,9.7,42.6,7.3,2.1,7.6,1.3,46.9,6.3,4.5,22.5,0.0952,0.1,0.2,1.1,1.5,0.1,0.1,0.4,0.5,6.8,0.0,0.3,0.8,-0.2333,1.4,0.7,1.5,10.3,2.1,0.0,0.0,0.0,0.7
9232017,"Norfolk St. @ Virginia Beach, Va.",W 3 - 0,3,35.0,18.7,105.0,0.1754,32.5,6.0,9.8,40.9,7.3,2.0,8.6,1.5,47.3,6.6,4.5,23.5,0.1044,0.1,0.3,1.1,1.7,0.1,0.1,0.5,0.6,7.25,0.0,0.2,0.7,-0.13330000000000006,1.5,0.9,1.4,9.5,2.2,0.0,0.0,0.0,0.9
9232017,"Hampton @ Virginia Beach, VA",L 1 - 3,4,34.4,19.2,102.3,0.1691,32.0,6.2,9.9,38.1,7.5,2.1,8.0,1.7,46.7,6.5,4.7,23.3,0.0944,0.1,0.4,1.1,1.7,0.0,0.2,0.6,0.6,7.4,0.0,0.2,0.9,-0.13330000000000006,1.5,1.0,1.3,8.7,2.4,0.0,0.0,0.0,1.0
9282017,@ N.C. Central,W 3 - 2,5,35.0,19.5,103.6,0.17029999999999998,32.7,7.1,10.0,40.4,6.8,1.8,8.7,1.8,48.25,7.0,4.8,24.0,0.1035,0.2,0.6,1.2,1.8,0.0,0.2,0.7,0.6,8.15,0.0,0.1,0.9,-0.03330000000000002,1.4,1.2,1.0,9.6,2.5,0.0,0.0,0.0,1.2
10032017,Gardner-Webb,W 3 - 1,4,36.0,20.7,108.2,0.15469999999999998,33.0,6.8,10.0,41.2,6.8,1.8,9.7,1.7,49.45,7.3,5.0,25.0,0.08910000000000003,0.2,0.6,1.3,2.0,0.0,0.3,0.8,0.5,8.6,0.0,0.1,0.8,-0.03330000000000002,1.5,1.1,0.9,11.0,2.6,0.0,0.0,0.0,1.1
10062017,Savannah St.,W 3 - 0,3,36.5,20.0,107.2,0.17019999999999996,33.1,7.1,9.7,41.0,6.6,1.8,9.7,1.4,50.25,7.3,4.8,24.6,0.09920000000000004,0.2,0.8,1.4,2.1,0.0,0.3,0.7,0.3,8.75,0.1,0.1,1.1,-2.2204460492503126e-17,1.2,1.1,0.9,10.5,2.7,0.0,0.0,0.0,1.2
10082017,South Carolina St.,W 3 - 0,3,37.6,20.4,108.9,0.17319999999999994,33.6,6.4,9.9,40.8,6.8,1.5,10.3,1.3,50.65,8.2,5.0,25.7,0.12900000000000006,0.3,0.7,1.3,2.3,0.0,0.2,0.8,0.3,9.5,0.1,0.2,1.3,-0.05000000000000002,1.1,1.0,1.1,10.0,2.9,0.0,0.0,0.0,1.1
10132017,@ Bethune-Cookman,L 2 - 3,5,40.7,21.9,117.4,0.17599999999999996,36.2,6.9,10.9,43.1,6.3,1.5,11.3,1.1,54.75,9.2,5.3,27.2,0.14500000000000002,0.4,0.9,1.3,2.2,0.0,0.2,0.9,0.2,10.75,0.1,0.2,1.3,-0.05000000000000002,1.1,0.9,1.1,10.7,2.7,0.0,0.0,0.0,1.0
10152017,@ Florida A&M,L 0 - 3,3,40.8,22.3,116.0,0.17509999999999995,36.0,6.5,10.2,41.3,5.4,1.9,11.1,1.4,54.75,9.5,5.6,27.8,0.14340000000000006,0.3,0.9,1.1,2.2,0.0,0.2,0.9,0.4,11.05,0.1,0.3,1.6,-0.08330000000000001,1.0,1.0,0.9,9.9,2.2,0.0,0.0,0.0,1.1
10272017,N.C. Central,W 3 - 0,3,42.4,21.5,117.1,0.19759999999999994,37.4,6.3,9.9,42.9,5.3,2.2,11.9,1.4,56.85,10.0,5.5,27.9,0.16330000000000006,0.3,1.0,1.0,2.5,0.0,0.2,0.9,0.4,11.65,0.1,0.3,1.6,-0.08330000000000001,1.0,1.0,1.1,10.2,2.2,0.0,0.0,0.0,1.1
11032017,@ Savannah St.,W 3 - 0,3,41.3,19.5,108.8,0.21769999999999995,36.4,6.8,8.3,40.5,4.5,2.4,11.5,1.1,56.25,9.9,4.9,25.8,0.2025,0.3,1.1,0.8,2.0,0.0,0.2,0.9,0.3,11.65,0.1,0.2,1.3,-0.05000000000000002,0.7,1.0,1.0,8.7,1.8,0.0,0.0,0.0,1.1
11042017,"South Carolina St. @ Orangeburg, SC",W 3 - 0,3,41.2,20.2,109.6,0.204,36.8,6.7,8.3,41.2,4.4,2.9,11.5,1.0,56.55,10.2,5.2,26.5,0.1957,0.3,1.2,0.9,2.0,0.0,0.4,0.9,0.2,12.25,0.1,0.2,1.3,-0.05000000000000002,0.5,0.8,1.0,8.3,1.6,0.0,0.0,0.0,0.9
11102017,Bethune-Cookman,L 0 - 3,3,40.0,19.7,108.0,0.1983,35.7,6.4,7.9,42.2,3.9,2.6,11.0,0.8,54.5,10.0,4.5,26.1,0.2165,0.3,1.2,1.1,2.0,0.0,0.3,0.9,0.2,11.95,0.1,0.2,0.9,-0.05000000000000002,0.4,0.7,1.0,7.6,1.4,0.0,0.0,0.0,0.8
11122017,Florida A&M,L 0 - 3,3,38.2,19.4,105.5,0.1879,33.8,5.2,7.6,41.3,4.2,2.6,10.5,0.7,51.25,9.2,4.2,25.1,0.2048,0.2,1.0,0.9,2.0,0.0,0.3,0.9,0.2,10.95,0.1,0.2,0.8,-0.05000000000000002,0.5,0.4,1.0,6.0,1.3,0.0,0.0,0.0,0.5
11172017,"Howard @ Princess Anne, Md.",L 0 - 3,3,36.8,18.9,103.1,0.18499999999999994,33.1,4.9,7.8,40.2,4.0,2.7,10.1,0.5,49.45,9.4,4.3,25.5,0.2044,0.2,1.1,1.0,1.8,0.0,0.2,0.9,0.2,11.15,0.1,0.2,0.8,-0.05000000000000002,0.4,0.3,0.8,4.2,1.0,0.0,0.0,0.0,0.4
8262016,@ Alabama St.,L 2 - 3,5,37.0,20.0,106.6,0.16959999999999992,33.3,5.0,8.0,41.5,4.3,2.8,10.1,0.6,49.85,0.1,0.3,1.5,0.0786,0.0,0.0,0.1,0.2,0.0,0.0,0.1,0.0,0.15,0.5,0.4,3.1,-0.008400000000000015,0.4,0.3,0.7,8.8,0.9,0.1,0.0,0.0,0.9
8262016,"Alabama A&M @ MONTGOMERY, ALA",L 2 - 3,5,37.0,21.3,108.5,0.15239999999999992,33.9,6.0,9.0,41.9,5.2,2.9,9.7,0.5,50.75,0.9,1.2,3.7,-0.021399999999999995,0.2,0.0,0.1,0.3,0.1,0.0,0.1,0.0,0.95,0.5,0.4,3.1,-0.008400000000000015,0.4,0.3,0.7,8.5,0.7,0.1,0.0,0.0,0.9
8272016,Texas Southern,L 0 - 3,3,34.4,21.7,102.4,0.13179999999999994,31.9,5.9,8.1,39.9,5.1,2.8,8.9,0.5,47.55,1.1,1.3,4.1,0.003600000000000003,0.2,0.0,0.1,0.4,0.1,0.0,0.1,0.0,1.15,0.9,1.4,5.2,-0.06250000000000001,0.4,0.5,0.8,8.7,0.9,0.1,0.1,0.0,1.55
8272016,"Jackson St. @ MONTGOMERY, ALA",W 3 - 0,3,33.9,21.2,102.2,0.13209999999999994,31.5,6.1,8.0,41.5,4.8,2.7,9.3,0.2,47.35,1.2,1.3,4.2,0.1036,0.2,0.0,0.1,0.4,0.1,0.0,0.1,0.0,1.25,1.4,1.9,7.0,-0.06250000000000001,0.4,0.5,0.9,9.3,0.9,0.1,0.4,0.0,2.2
8302016,Elon,L 0 - 3,3,32.8,21.9,100.4,0.11669999999999996,30.6,6.1,7.8,39.7,5.1,2.4,8.5,0.2,45.55,1.4,1.5,5.0,0.1036,0.2,0.0,0.1,0.4,0.1,0.0,0.1,0.0,1.45,1.7,2.6,8.1,-0.08600000000000001,0.3,0.5,1.1,9.2,0.8,0.1,0.4,0.0,2.5
9062016,East Carolina,L 0 - 3,3,33.3,22.5,103.5,0.10779999999999994,30.7,5.5,8.4,38.9,5.3,2.4,7.7,0.2,45.05,1.5,1.6,5.4,0.1036,0.2,0.0,0.1,0.4,0.2,0.0,0.2,0.0,1.6,2.4,2.8,10.3,-0.06330000000000001,0.2,0.6,1.3,8.9,0.9,0.1,0.4,0.0,3.3
9092016,Hampton,W 3 - 0,3,33.4,22.6,104.6,0.10479999999999996,30.4,5.4,8.6,38.8,5.6,2.2,6.5,0.6,44.25,2.0,1.9,6.6,0.1203,0.2,0.0,0.1,0.5,0.3,0.0,0.2,0.0,2.1,2.4,2.7,10.1,-0.013300000000000013,0.2,0.5,1.3,7.7,0.9,0.1,0.4,0.0,3.2
9102016,Radford,L 2 - 3,5,35.8,22.2,107.1,0.12569999999999995,32.3,5.7,9.8,38.8,5.9,2.4,6.0,1.4,46.9,2.6,2.8,9.1,0.10830000000000002,0.2,0.1,0.5,1.8,0.3,0.0,0.2,0.1,2.8,2.4,2.7,9.9,-0.013300000000000013,0.2,0.4,1.1,6.7,0.7,0.1,0.4,0.0,3.1
9102016,@ UNC Greensboro,L 0 - 3,3,35.7,21.3,105.6,0.13359999999999994,32.3,5.7,9.6,37.5,5.8,2.6,5.6,1.5,46.8,3.0,3.0,10.8,0.12010000000000005,0.2,0.2,0.6,2.5,0.3,0.0,0.4,0.1,3.4,2.4,2.7,9.6,-0.013300000000000013,0.2,0.4,0.9,5.0,0.5,0.1,0.4,0.0,3.1
9142016,@ Gardner-Webb,L 0 - 3,3,34.2,21.7,104.9,0.11609999999999995,30.8,5.6,9.1,36.8,6.4,2.2,5.0,1.8,44.5,3.2,3.5,13.0,0.10650000000000004,0.2,0.4,0.7,3.2,0.4,0.0,0.5,0.1,3.85,2.4,2.7,9.5,-0.013300000000000013,0.2,0.3,0.8,3.3,0.5,0.1,0.4,0.0,3.0
9202016,@ Campbell,L 0 - 3,3,32.5,20.6,101.3,0.11389999999999993,29.5,5.3,8.5,35.9,6.6,1.9,5.0,1.8,42.2,3.5,3.4,12.6,0.13790000000000005,0.2,0.4,0.7,3.0,0.6,0.0,0.4,0.1,4.1,2.5,2.7,10.5,-0.012500000000000013,0.1,0.3,0.9,3.6,0.7,0.1,0.4,0.0,3.1
9302016,@ Savannah St.,W 3 - 0,3,32.3,19.3,100.9,0.12499999999999994,29.1,3.9,7.5,37.1,5.7,2.0,6.4,2.0,41.4,2.6,2.5,10.3,0.13790000000000005,0.0,0.4,0.7,2.9,0.5,0.0,0.4,0.1,3.2,3.2,3.2,12.4,-0.0020000000000000113,0.1,0.3,0.9,4.4,0.7,0.2,0.8,0.1,4.1
10022016,@ South Carolina St.,W 3 - 0,3,33.4,17.6,99.3,0.15869999999999995,30.0,3.9,7.1,37.5,5.7,2.0,6.8,2.1,42.7,2.5,2.5,10.1,0.11290000000000006,0.0,0.4,0.7,2.8,0.5,0.0,0.4,0.1,3.1,3.5,2.7,12.1,0.03309999999999999,0.1,0.1,0.9,4.3,0.6,0.2,0.7,0.1,4.15
10042016,Norfolk St.,W 3 - 0,3,33.2,18.6,97.6,0.14719999999999994,30.1,3.9,7.3,36.9,6.0,1.9,7.2,2.5,42.6,2.7,2.7,10.7,0.027200000000000047,0.0,0.4,0.7,2.9,0.5,0.1,0.8,0.3,3.6,3.9,2.8,12.2,0.04739999999999999,0.0,0.3,0.8,3.8,0.9,0.2,0.6,0.2,4.7
10072016,Bethune-Cookman,W 3 - 1,4,35.1,18.5,102.2,0.15869999999999995,31.4,4.1,7.5,40.1,5.6,2.1,8.0,2.6,45.3,2.9,3.1,11.4,0.013900000000000046,0.0,0.4,0.9,3.0,0.5,0.1,1.0,0.4,3.9,4.0,2.3,12.7,0.07999999999999999,0.0,0.4,0.6,4.3,0.9,0.4,0.6,0.2,5.1
10092016,Florida A&M,L 0 - 3,3,33.8,18.6,100.2,0.14689999999999995,30.3,3.6,6.7,40.2,6.0,2.0,8.4,2.6,43.6,3.1,3.3,12.1,0.013900000000000046,0.0,0.4,0.9,3.3,0.5,0.1,1.1,0.4,4.15,3.8,2.6,12.0,0.0573,0.0,0.3,0.4,4.1,1.0,0.4,0.6,0.2,4.8
10122016,@ Norfolk St.,L 2 - 3,5,35.4,20.1,105.6,0.13959999999999995,32.0,3.6,6.6,43.3,6.4,1.6,10.4,2.9,45.8,3.3,3.5,12.5,0.009700000000000049,0.0,0.4,0.9,3.4,0.4,0.1,1.5,0.6,4.55,5.0,3.4,15.6,0.06839999999999999,0.2,0.4,0.5,5.4,1.3,0.4,0.6,0.3,6.1
10212016,@ N.C. Central,W 3 - 2,5,36.6,21.3,110.4,0.13439999999999994,33.3,3.5,5.5,48.2,6.0,1.8,11.4,2.2,47.6,2.7,2.6,10.0,0.021700000000000046,0.0,0.3,0.5,2.1,0.4,0.1,1.5,0.5,3.85,6.1,4.3,19.5,0.0735,0.2,0.4,0.6,6.1,1.3,0.4,0.8,0.3,7.3
10282016,Savannah St.,W 3 - 1,4,39.0,22.5,113.9,0.14089999999999994,35.4,3.9,5.4,49.7,6.2,2.3,11.6,2.1,51.0,2.8,2.6,9.1,0.04740000000000005,0.0,0.2,0.5,1.5,0.4,0.1,1.6,0.5,3.9,7.1,4.8,22.8,0.0887,0.3,0.5,0.7,7.0,1.4,0.4,0.8,0.3,8.4
10302016,South Carolina St.,W 3 - 1,4,43.3,22.3,115.7,0.17839999999999995,39.4,4.1,6.0,51.0,5.6,2.3,12.2,1.8,55.8,3.0,2.3,7.6,0.08960000000000005,0.0,0.0,0.5,0.8,0.3,0.1,1.6,0.5,3.9,8.5,5.1,25.3,0.13269999999999998,0.3,0.5,0.9,7.8,1.5,0.4,0.8,0.3,9.8
11042016,@ Bethune-Cookman,L 1 - 3,4,46.3,23.8,123.2,0.18339999999999995,42.1,4.2,6.0,54.3,5.2,2.3,13.3,2.0,59.45,3.0,2.6,8.0,0.06530000000000005,0.0,0.0,0.4,1.4,0.1,0.1,1.8,0.5,4.0,8.9,5.3,26.1,0.1369,0.3,0.6,0.9,7.6,1.4,0.3,1.1,0.4,10.35
11062016,@ Florida A&M,L 1 - 3,4,45.5,24.7,123.7,0.16669999999999996,41.7,4.8,5.7,53.3,5.9,2.3,12.9,2.0,59.05,3.2,2.8,9.0,0.06530000000000005,0.0,0.0,0.4,1.5,0.1,0.1,2.0,0.5,4.3,8.7,5.3,26.6,0.1264,0.3,0.7,0.9,7.3,1.5,0.2,0.8,0.4,10.0
11112016,N.C. Central,L 2 - 3,5,47.1,28.3,136.3,0.13899999999999996,43.3,4.6,5.8,60.3,6.4,2.5,14.3,1.9,61.35,3.6,2.9,9.9,0.09260000000000006,0.0,0.0,0.4,1.9,0.1,0.1,2.1,0.5,4.75,8.4,5.8,28.2,0.0986,0.3,0.7,0.7,8.8,1.4,0.3,1.0,0.4,9.9
11182016,@ UMES,L 0 - 3,3,46.4,27.2,136.1,0.14389999999999994,42.2,4.3,5.2,58.9,6.9,2.3,13.3,2.0,59.65,3.5,2.9,9.9,0.07830000000000006,0.0,0.0,0.4,1.9,0.1,0.0,1.7,0.4,4.35,7.5,5.4,27.0,0.0621,0.3,0.5,0.6,8.5,1.5,0.3,0.9,0.3,8.75
