Date,Opponent,Result,S,Kills,Errors,Total Attacks,Hit Pct,Assists,Aces,SErr,Digs,RErr,Block Solos,Block Assists,BErr,PTS,Player 1 Kills,Player 1 Errors,Player 1 Total Attacks,Player 1 Hit Pct,Player 1 Assists,Player 1 Aces,Player 1 SErr,Player 1 Digs,Player 1 RErr,Player 1 Block Solos,Player 1 Block Assists,Player 1 BErr,Player 1 PTS,Player 2 Kills,Player 2 Errors,Player 2 Total Attacks,Player 2 Hit Pct,Player 2 Assists,Player 2 Aces,Player 2 SErr,Player 2 Digs,Player 2 RErr,Player 2 Block Solos,Player 2 Block Assists,Player 2 BErr,Player 2 PTS,Player 6 Kills,Player 6 Errors,Player 6 Total Attacks,Player 6 Hit Pct,Player 6 Assists,Player 6 Aces,Player 6 SErr,Player 6 Digs,Player 6 RErr,Player 6 Block Solos,Player 6 Block Assists,Player 6 BErr,Player 6 PTS
8302019,"UC Riverside @ DeKalb, IL",L 0 - 3,3,26.0,22.0,102.0,0.039,24.0,3.0,5.0,33.0,3.0,2.0,10.0,0.0,0.0,0.0,0.0,0.0,0.0,0.0,0.0,0.0,0.0,0.0,0.0,0.0,0.0,0.0,0.0,1.0,2.0,-0.5,0.0,0.0,0.0,0.0,1.0,0.0,1.0,0.0,0.5,3.0,3.0,11.0,0.0,0.0,0.0,0.0,0.0,0.0,0.0,2.0,0.0,4.0
8302019,@ Northern Ill.,W 3 - 1,4,43.5,23.5,124.5,0.142,42.5,6.0,10.5,44.0,3.5,2.0,12.0,0.5,0.0,0.0,0.0,0.0,0.0,0.0,0.0,0.0,0.0,0.0,0.0,0.0,0.0,0.0,0.0,0.5,1.0,-0.25,0.0,0.0,0.0,0.0,0.5,0.0,0.5,0.0,0.25,1.5,1.5,5.5,0.0,0.0,0.0,0.0,0.0,0.0,0.0,1.0,0.0,2.0
8312019,"Fairleigh Dickinson @ Dekalb, IL",W 3 - 0,3,43.33333333333334,21.0,118.0,0.18033333333333326,41.66666666666666,6.666666666666668,9.333333333333334,45.33333333333334,3.6666666666666665,1.3333333333333333,11.333333333333336,0.6666666666666666,0.0,0.0,0.0,0.0,0.0,0.0,0.0,0.0,0.0,0.0,0.0,0.0,0.0,0.0,0.0,0.3333333333333333,0.6666666666666666,-0.16666666666666666,0.0,0.0,0.0,0.0,0.3333333333333333,0.0,0.3333333333333333,0.0,0.16666666666666666,1.0,1.0,3.6666666666666665,0.0,0.0,0.0,0.0,0.0,0.0,0.0,0.6666666666666666,0.0,1.3333333333333333
9062019,"Southeastern La. @ Carbondale, IL",W 3 - 2,5,48.0,20.5,128.75,0.202,45.0,6.75,11.5,51.0,4.75,1.25,11.5,1.0,19.0,0.0,0.0,0.0,0.0,0.0,0.0,0.0,0.0,0.0,0.0,0.0,0.0,0.0,3.25,0.75,6.25,-0.005500000000000005,0.0,0.0,0.0,0.25,0.25,0.0,1.25,0.25,3.875,0.75,0.75,2.75,0.0,0.0,0.0,0.0,0.0,0.0,0.0,0.5,0.0,1.0
9062019,@ Southern Ill.,W 3 - 1,4,49.6,20.0,130.6,0.2166,46.6,6.8,11.8,54.4,4.8,1.4,12.8,0.8,30.0,0.0,0.0,0.0,0.0,0.0,0.0,0.0,0.0,0.0,0.0,0.0,0.0,0.0,4.4,0.8,10.4,0.0548,0.0,0.0,0.0,0.8,0.2,0.2,1.2,0.2,5.2,0.6,0.6,2.2,0.0,0.0,0.0,0.0,0.0,0.0,0.0,0.4,0.0,0.8
9072019,"Alabama A&M @ Carbondale, IL",W 3 - 0,3,49.16666666666666,20.5,128.33333333333334,0.21466666666666667,46.33333333333334,7.333333333333332,10.5,52.83333333333334,4.666666666666667,1.5,12.666666666666664,0.8333333333333334,35.833333333333336,0.0,0.0,0.0,0.0,0.0,0.0,0.0,0.0,0.0,0.0,0.0,0.0,0.0,5.666666666666668,1.1666666666666667,12.0,0.12066666666666664,0.0,0.0,0.0,0.8333333333333334,0.16666666666666666,0.3333333333333333,1.3333333333333333,0.16666666666666666,6.666666666666668,0.5,0.5,1.8333333333333333,0.0,0.0,0.0,0.0,0.0,0.0,0.0,0.3333333333333333,0.0,0.6666666666666666
9132019,"UTSA @ Tulsa, OK",L 1 - 3,4,47.28571428571429,20.714285714285715,126.0,0.20185714285714287,44.714285714285715,6.428571428571429,10.142857142857142,54.0,5.428571428571429,2.142857142857143,12.857142857142858,0.7142857142857143,37.857142857142854,0.0,0.0,0.0,0.0,0.0,0.0,0.0,0.0,0.0,0.0,0.0,0.0,0.0,5.7142857142857135,1.4285714285714286,12.714285714285715,0.1285714285714286,0.0,0.0,0.0,0.7142857142857143,0.14285714285714285,0.42857142857142855,1.5714285714285714,0.14285714285714285,6.928571428571429,0.42857142857142855,0.42857142857142855,1.7142857142857142,0.0,0.0,0.0,0.0,0.0,0.0,0.0,0.2857142857142857,0.0,0.5714285714285714
9132019,"Houston Baptist @ Tulsa, OK",L 1 - 3,4,46.625,21.0,128.25,0.193125,44.25,6.25,10.25,56.375,5.0,2.0,12.0,0.875,39.5,0.0,0.0,0.0,0.0,0.0,0.0,0.0,0.0,0.0,0.0,0.0,0.0,0.0,5.375,1.625,12.875,0.1125,0.0,0.0,0.0,0.625,0.125,0.375,1.375,0.125,6.4375,0.375,0.375,1.5,0.0,0.0,0.0,0.0,0.0,0.0,0.0,0.25,0.0,0.5
9142019,@ Tulsa,L 1 - 3,4,44.66666666666666,21.444444444444443,129.11111111111111,0.17488888888888887,42.111111111111114,6.0,10.0,57.88888888888889,5.333333333333333,2.1111111111111107,13.444444444444445,0.7777777777777778,40.5,0.0,0.0,0.0,0.0,0.0,0.0,0.0,0.0,0.0,0.0,0.0,0.0,0.0,5.0,1.6666666666666667,12.888888888888891,0.1,0.0,0.0,0.0,0.5555555555555556,0.2222222222222222,0.3333333333333333,1.5555555555555556,0.1111111111111111,6.111111111111112,0.3333333333333333,0.3333333333333333,1.3333333333333333,0.0,0.0,0.0,0.0,0.0,0.0,0.0,0.2222222222222222,0.0,0.4444444444444444
9202019,Central Ark.,L 2 - 3,5,45.3,21.9,133.6,0.1718,42.4,6.1,9.9,60.7,5.7,2.2,14.5,0.7,43.75,0.0,0.0,0.0,0.0,0.0,0.0,0.0,0.0,0.0,0.0,0.0,0.0,0.0,5.0,1.9,13.9,0.0943,0.0,0.0,0.0,0.7,0.2,0.3,1.6,0.1,6.1,0.3,0.3,1.2,0.0,0.0,0.0,0.0,0.0,0.0,0.0,0.2,0.0,0.4
9212019,Presbyterian,L 1 - 3,4,48.3,21.8,138.4,0.1912,44.9,6.2,10.0,63.4,5.7,2.2,14.9,1.0,50.65,0.0,0.0,0.0,0.0,0.0,0.0,0.0,0.0,0.0,0.0,0.0,0.0,0.0,5.3,2.0,14.8,0.1534,0.0,0.0,0.0,0.9,0.1,0.3,1.6,0.1,6.4,0.0,0.0,0.1,0.0,0.0,0.0,0.0,0.1,0.0,0.0,0.0,0.0,0.0
9212019,Purdue Fort Wayne,L 2 - 3,5,48.0,21.5,140.4,0.1883,43.2,5.9,9.3,65.3,5.9,2.1,15.5,1.2,58.15,0.0,0.0,0.0,0.0,0.0,0.0,0.0,0.0,0.0,0.0,0.0,0.0,0.0,5.3,2.0,14.8,0.1534,0.0,0.0,0.0,0.9,0.1,0.3,1.6,0.1,6.4,0.0,0.0,0.1,0.0,0.0,0.0,0.0,0.1,0.0,0.0,0.0,0.0,0.0
9272019,Austin Peay,L 1 - 3,4,49.6,21.6,146.2,0.1884,44.6,5.2,9.6,67.9,5.8,2.2,15.7,1.2,64.85,0.0,0.0,0.0,0.0,0.0,0.0,0.0,0.0,0.0,0.0,0.0,0.0,0.0,5.4,2.0,15.1,0.1867,0.0,0.0,0.0,1.0,0.1,0.3,1.6,0.1,6.5,0.0,0.0,0.1,0.0,0.0,0.0,0.0,0.1,0.0,0.0,0.0,0.0,0.0
9282019,Murray St.,L 0 - 3,3,47.3,21.5,144.3,0.17650000000000002,42.7,4.7,8.6,67.3,5.2,2.3,15.5,1.1,62.05,0.0,0.0,0.0,0.0,0.0,0.0,0.0,0.0,0.0,0.0,0.0,0.0,0.0,4.4,1.9,13.7,0.1611,0.0,0.0,0.0,1.0,0.1,0.3,1.3,0.0,5.35,0.0,0.0,0.1,0.0,0.0,0.0,0.0,0.1,0.0,0.0,0.0,0.0,0.0
10022019,Eastern Ill.,W 3 - 0,3,45.8,20.9,140.5,0.17800000000000002,41.2,4.7,8.1,66.3,4.8,2.3,14.1,1.1,59.85,0.0,0.0,0.0,0.0,0.0,0.0,0.0,0.0,0.0,0.0,0.0,0.0,0.0,4.3,2.0,12.7,0.1668,0.0,0.0,0.0,0.8,0.1,0.2,1.3,0.0,5.15,0.0,0.0,0.1,0.0,0.0,0.0,0.0,0.1,0.0,0.0,0.0,0.0,0.0
10052019,@ Tennessee St.,W 3 - 2,5,47.7,21.7,148.7,0.1751,42.6,4.3,8.5,69.0,4.5,2.3,13.7,1.2,61.15,0.0,0.0,0.0,0.0,0.0,0.0,0.0,0.0,0.0,0.0,0.0,0.0,0.0,4.5,2.2,13.7,0.1518,0.0,0.0,0.0,0.8,0.1,0.1,1.3,0.0,5.25,0.0,0.0,0.1,0.0,0.0,0.0,0.0,0.1,0.0,0.0,0.0,0.0,0.0
10112019,@ UT Martin,W 3 - 0,3,47.8,20.9,149.1,0.1824,42.5,4.5,8.4,68.2,3.9,2.2,12.9,1.7,60.95,0.0,0.0,0.0,0.0,0.0,0.0,0.0,0.0,0.0,0.0,0.0,0.0,0.0,4.6,2.2,13.9,0.15530000000000002,0.0,0.0,0.0,1.3,0.1,0.0,1.2,0.1,5.2,0.0,0.0,0.0,0.0,0.0,0.0,0.0,0.1,0.0,0.0,0.0,0.0,0.0
10122019,@ Southeast Mo. St.,W 3 - 2,5,49.2,21.9,153.0,0.1818,43.8,4.9,7.7,69.5,4.3,2.3,13.9,1.6,63.35,0.0,0.0,0.0,0.0,0.0,0.0,0.0,0.0,0.0,0.0,0.0,0.0,0.0,5.7,2.3,16.1,0.1831,0.0,0.0,0.0,1.5,0.1,0.0,1.4,0.1,6.4,0.0,0.0,0.0,0.0,0.0,0.0,0.0,0.1,0.0,0.0,0.0,0.0,0.0
10182019,Jacksonville St.,W 3 - 1,4,51.5,21.6,155.6,0.1974,45.9,4.9,7.7,69.6,3.7,2.5,12.8,1.7,65.3,0.0,0.0,0.0,0.0,0.0,0.0,0.0,0.0,0.0,0.0,0.0,0.0,0.0,6.3,2.3,17.1,0.2092,0.0,0.0,0.0,1.7,0.0,0.0,1.3,0.1,6.95,0.0,0.0,0.0,0.0,0.0,0.0,0.0,0.1,0.0,0.0,0.0,0.0,0.0
10192019,Tennessee Tech,L 1 - 3,4,51.7,21.5,152.8,0.2022,46.1,4.6,7.6,67.3,3.2,2.4,11.2,1.8,64.3,0.0,0.0,0.0,0.0,0.0,0.0,0.0,0.0,0.0,0.0,0.0,0.0,0.0,7.0,2.5,17.6,0.2263,0.0,0.0,0.0,1.6,0.0,0.0,1.2,0.1,7.6,0.0,0.0,0.0,0.0,0.0,0.0,0.0,0.1,0.0,0.0,0.0,0.0,0.0
10252019,@ Eastern Ky.,W 3 - 0,3,49.8,20.6,150.3,0.1989,44.4,4.6,7.5,66.9,3.1,2.4,11.0,1.5,62.3,0.0,0.0,0.0,0.0,0.1,0.0,0.1,0.5,0.1,0.0,0.0,0.0,0.0,7.2,2.3,18.6,0.241,0.0,0.0,0.0,1.5,0.0,0.2,1.4,0.1,8.1,0.0,0.0,0.0,0.0,0.0,0.0,0.0,0.0,0.0,0.0,0.0,0.0,0.0
10262019,@ Morehead St.,L 2 - 3,5,48.9,21.1,151.5,0.18960000000000005,44.4,4.3,7.3,67.1,3.4,2.6,10.6,1.4,61.1,0.0,0.0,0.1,0.0,0.1,0.0,0.2,0.7,0.3,0.0,0.0,0.0,0.0,7.9,2.6,21.1,0.257,0.1,0.0,0.0,1.6,0.0,0.4,1.7,0.1,9.15,0.0,0.0,0.0,0.0,0.0,0.0,0.0,0.0,0.0,0.0,0.0,0.0,0.0
11012019,@ Murray St.,L 1 - 3,4,48.1,20.9,147.7,0.19260000000000005,43.6,4.4,7.9,65.0,4.1,2.8,10.6,1.6,60.6,0.0,0.0,0.1,0.0,0.1,0.0,0.2,0.7,0.3,0.0,0.0,0.0,0.0,7.8,2.7,21.2,0.1987,0.1,0.0,0.0,1.5,0.0,0.5,1.7,0.1,9.15,0.0,0.0,0.0,0.0,0.0,0.0,0.0,0.0,0.0,0.0,0.0,0.0,0.0
11022019,@ Austin Peay,L 2 - 3,5,50.1,20.7,150.3,0.20340000000000005,45.7,4.5,7.9,65.2,4.7,3.0,12.0,1.7,63.6,0.0,0.0,0.1,0.0,0.1,0.0,0.2,0.9,0.3,0.0,0.0,0.0,0.0,7.6,2.7,20.8,0.1765,0.1,0.0,0.1,1.4,0.0,0.5,1.8,0.1,9.0,0.0,0.0,0.0,0.0,0.0,0.0,0.0,0.0,0.0,0.0,0.0,0.0,0.0
11062019,@ Eastern Ill.,W 3 - 0,3,49.5,21.1,151.2,0.19180000000000005,45.0,4.2,7.8,64.4,5.0,2.9,13.2,1.7,63.2,0.0,0.0,0.1,0.0,0.1,0.0,0.2,0.9,0.3,0.0,0.0,0.0,0.0,6.8,2.7,19.6,0.10119999999999997,0.1,0.0,0.1,1.3,0.0,0.5,1.7,0.1,8.15,0.0,0.0,0.0,0.0,0.0,0.0,0.0,0.0,0.0,0.0,0.0,0.0,0.0
11092019,Belmont,W 3 - 1,4,48.6,20.4,147.3,0.19480000000000006,44.1,4.3,7.4,64.5,5.3,2.8,13.6,1.5,62.5,0.0,0.0,0.1,0.0,0.1,0.0,0.2,0.9,0.3,0.0,0.0,0.0,0.0,5.4,2.4,17.6,0.05119999999999998,0.1,0.0,0.1,1.3,0.0,0.5,1.6,0.1,6.7,0.0,0.0,0.0,0.0,0.0,0.0,0.0,0.0,0.0,0.0,0.0,0.0,0.0
11152019,Southeast Mo. St.,W 3 - 0,3,49.9,21.5,151.9,0.19040000000000004,45.3,4.5,7.1,67.9,5.1,2.5,15.0,1.0,64.4,0.0,0.0,0.1,0.0,0.1,0.0,0.2,0.9,0.3,0.0,0.0,0.0,0.0,4.7,2.1,15.7,0.030099999999999974,0.1,0.0,0.1,0.8,0.0,0.5,1.4,0.0,5.9,0.0,0.0,0.0,0.0,0.0,0.0,0.0,0.0,0.0,0.0,0.0,0.0,0.0
11162019,UT Martin,L 0 - 3,3,48.5,20.4,147.9,0.19180000000000005,43.8,3.8,7.1,66.3,4.9,2.3,14.8,1.0,62.0,0.0,0.0,0.1,0.0,0.1,0.0,0.2,0.9,0.3,0.0,0.0,0.0,0.0,3.8,1.8,13.0,0.046699999999999985,0.1,0.0,0.1,0.6,0.0,0.5,1.2,0.0,4.9,0.0,0.0,0.0,0.0,0.0,0.0,0.0,0.0,0.0,0.0,0.0,0.0,0.0
11212019,@ Jacksonville St.,L 0 - 3,3,47.9,20.3,144.6,0.19270000000000004,43.3,3.5,7.4,63.5,5.2,2.2,14.2,0.9,60.7,0.0,0.0,0.1,0.0,0.2,0.0,0.3,1.0,0.3,0.0,0.0,0.0,0.0,3.4,1.8,11.8,0.03879999999999998,0.1,0.0,0.1,0.5,0.0,0.5,1.2,0.0,4.5,0.0,0.0,0.0,0.0,0.0,0.0,0.0,0.0,0.0,0.0,0.0,0.0,0.0
8242018,"Green Bay @ Fort Worth, Texas",L 1 - 3,4,46.3,20.2,143.5,0.18310000000000007,42.3,3.4,7.1,64.1,5.6,2.2,14.6,1.0,59.2,0.0,0.0,0.6,0.0,3.6,0.3,0.4,17.6,1.6,0.0,0.0,0.0,0.3,9.7,2.9,21.7,0.33130000000000004,0.2,0.0,0.0,1.4,0.0,0.2,3.3,0.0,11.55,5.4,1.3,14.0,0.2832,0.0,0.0,0.1,0.8,0.0,0.3,3.6,0.2,7.5
8252018,"UAB @ Fort Worth, Texas",L 1 - 3,4,46.3,21.7,143.3,0.17120000000000007,42.8,4.0,8.1,63.7,6.1,2.0,14.8,1.1,59.7,0.0,0.0,0.5,0.0,3.7,0.4,0.5,16.8,1.8,0.0,0.0,0.0,0.4,9.7,3.1,22.2,0.3128000000000001,0.2,0.0,0.0,1.2,0.0,0.2,3.7,0.0,11.75,5.1,1.4,13.4,0.2524,0.0,0.0,0.2,0.8,0.0,0.3,3.1,0.2,6.95
8252018,@ TCU,L 0 - 3,3,43.9,21.2,135.8,0.16180000000000005,40.8,3.8,8.0,59.7,5.5,1.7,13.8,1.0,56.3,0.0,0.0,0.5,0.0,3.8,0.4,0.7,14.9,1.7,0.0,0.0,0.0,0.4,9.0,3.0,21.2,0.2957000000000001,0.1,0.0,0.0,1.0,0.0,0.2,3.3,0.0,10.85,5.1,1.4,13.3,0.2691,0.0,0.0,0.2,0.6,0.0,0.2,3.0,0.2,6.8
8312018,"Northern Ariz. @ Indianapolis, Ind.",L 1 - 3,4,43.6,22.1,137.4,0.15000000000000005,40.8,4.1,6.8,62.2,5.3,1.6,13.6,0.9,56.1,0.0,0.0,0.5,0.0,4.1,0.5,0.6,15.4,1.4,0.0,0.0,0.0,0.5,9.4,2.9,21.5,0.32010000000000005,0.0,0.0,0.0,0.9,0.0,0.3,3.5,0.0,11.45,5.0,1.5,13.5,0.25460000000000005,0.0,0.0,0.3,0.9,0.0,0.2,3.1,0.2,6.75
9012018,"Western Mich. @ Indianapolis, Ind.",L 1 - 3,4,41.9,23.4,135.0,0.13340000000000005,39.1,4.4,6.7,61.4,5.1,1.3,11.8,0.8,53.5,0.1,0.0,0.9,0.025,4.5,0.4,0.6,16.2,1.4,0.0,0.0,0.0,0.5,9.2,2.7,20.5,0.33070000000000005,0.0,0.0,0.0,0.7,0.0,0.3,3.2,0.0,11.1,5.0,1.8,13.4,0.2358,0.0,0.0,0.4,0.8,0.0,0.2,2.6,0.2,6.5
9012018,@ IUPUI,L 0 - 3,3,42.1,24.0,137.6,0.12710000000000005,39.2,4.1,6.9,62.8,4.9,1.2,11.0,0.9,52.9,0.2,0.0,1.1,0.0583,4.5,0.4,0.6,15.5,1.2,0.0,0.0,0.0,0.6,9.5,3.0,21.2,0.32310000000000005,0.0,0.0,0.0,0.9,0.0,0.3,3.0,0.0,11.3,5.1,2.0,14.0,0.222,0.0,0.0,0.6,0.8,0.0,0.2,2.6,0.2,6.6
9072018,"Providence @ Kansas City, Mo.",L 0 - 3,3,40.0,23.6,132.3,0.12150000000000005,37.5,3.7,7.3,59.0,4.7,1.5,10.4,0.9,50.4,0.2,0.0,1.1,0.0583,4.2,0.3,0.6,14.5,1.2,0.0,0.0,0.0,0.5,8.2,3.1,20.0,0.2731,0.0,0.0,0.0,0.7,0.0,0.3,2.9,0.0,9.95,5.0,2.0,14.0,0.2148,0.0,0.0,0.9,0.9,0.0,0.2,2.4,0.2,6.4
9072018,@ Kansas City,L 0 - 3,3,38.3,22.7,126.0,0.12330000000000005,35.9,3.4,7.5,53.1,5.1,1.5,9.5,0.9,47.95,0.2,0.0,1.0,0.0583,4.0,0.3,0.6,12.2,1.1,0.0,0.0,0.0,0.5,7.8,2.8,19.0,0.2759,0.1,0.0,0.0,0.5,0.0,0.3,2.8,0.0,9.5,4.5,1.9,13.0,0.2174,0.0,0.0,1.0,0.9,0.0,0.2,1.9,0.2,5.65
9082018,"Arkansas St. @ Kansas City, Mo.",L 0 - 3,3,36.2,22.6,121.4,0.10930000000000004,34.0,3.4,7.2,50.2,5.2,1.8,9.9,0.8,46.35,0.2,0.0,0.8,0.0583,3.4,0.3,0.6,10.3,0.9,0.0,0.0,0.0,0.5,7.6,3.3,18.8,0.2398,0.1,0.0,0.0,0.4,0.0,0.6,2.7,0.0,9.55,4.4,1.9,12.2,0.2252,0.0,0.0,1.0,1.0,0.0,0.2,1.8,0.1,5.5
9142018,Northern Ky.,L 0 - 3,3,34.4,22.4,120.6,0.09730000000000004,32.4,3.6,6.7,52.4,5.1,1.5,10.5,0.8,44.75,0.2,0.0,0.7,0.0583,2.8,0.3,0.5,9.4,0.8,0.0,0.0,0.0,0.5,7.1,2.9,17.5,0.2591,0.2,0.0,0.0,0.6,0.0,0.6,3.2,0.0,9.3,4.4,1.8,12.7,0.2244,0.0,0.0,1.1,1.1,0.0,0.2,1.7,0.1,5.45
9152018,Louisiana Tech,L 1 - 3,4,36.3,23.1,123.5,0.10290000000000003,34.1,3.9,6.9,52.2,4.8,1.4,11.0,0.7,47.1,0.2,0.0,0.7,0.0583,2.6,0.2,0.5,7.4,0.6,0.0,0.0,0.0,0.4,6.9,3.0,17.9,0.22219999999999995,0.2,0.0,0.0,0.6,0.0,0.6,2.8,0.1,8.9,4.7,2.0,13.4,0.2251,0.1,0.1,1.3,0.8,0.0,0.2,2.3,0.0,6.15
9152018,Oral Roberts,W 3 - 2,5,40.3,23.1,131.7,0.11920000000000006,37.5,3.5,6.8,57.2,4.4,1.5,11.0,0.6,50.8,0.2,0.0,0.7,0.0583,2.3,0.1,0.4,6.6,0.4,0.0,0.0,0.0,0.3,7.2,3.1,18.8,0.2232,0.3,0.0,0.0,0.6,0.0,0.7,2.5,0.1,9.15,5.6,1.9,15.9,0.2563,0.1,0.1,1.4,0.9,0.0,0.2,2.8,0.0,7.3
9192018,@ Eastern Ill.,L 0 - 3,3,41.8,22.9,132.8,0.13370000000000004,38.8,3.5,7.3,58.8,4.4,1.6,11.2,0.5,52.5,0.2,0.0,0.7,0.0583,2.1,0.1,0.4,6.7,0.3,0.0,0.0,0.0,0.3,7.1,2.9,18.4,0.2327,0.3,0.0,0.1,0.6,0.0,0.8,2.4,0.1,9.1,6.2,2.2,17.4,0.22979999999999995,0.1,0.1,1.5,1.1,0.0,0.2,3.1,0.0,8.05
9222018,@ Belmont,W 3 - 0,3,41.5,22.0,130.5,0.14210000000000006,38.5,3.4,7.4,57.9,3.7,1.5,11.6,0.3,52.2,0.2,0.0,0.7,0.0583,1.9,0.1,0.4,7.0,0.1,0.0,0.0,0.0,0.3,6.7,3.1,18.1,0.2016,0.4,0.0,0.1,0.7,0.0,0.8,2.5,0.1,8.75,6.3,2.4,17.7,0.2209,0.1,0.1,1.5,0.9,0.0,0.1,3.2,0.0,8.1
9282018,UT Martin,W 3 - 1,4,44.0,21.2,135.3,0.15710000000000005,40.8,3.5,7.7,61.5,3.3,1.5,11.6,0.4,54.8,0.1,0.0,0.3,0.0333,1.8,0.3,0.3,6.9,0.0,0.0,0.0,0.0,0.4,5.8,3.0,16.5,0.1668,0.4,0.0,0.1,0.7,0.0,0.8,2.3,0.1,7.75,7.7,2.1,19.9,0.2668,0.1,0.1,1.4,0.9,0.0,0.1,3.4,0.1,9.6
9292018,Southeast Mo. St.,W 3 - 1,4,47.4,20.3,137.3,0.18340000000000006,44.5,4.0,7.8,62.6,3.9,1.5,11.6,0.7,58.7,0.1,0.0,0.1,0.1,2.9,0.3,0.3,7.4,0.3,0.0,0.0,0.0,0.4,4.9,2.5,14.2,0.14940000000000006,0.4,0.0,0.1,0.5,0.0,0.8,2.2,0.1,6.8,8.5,1.9,20.8,0.3046,0.1,0.1,1.2,0.9,0.0,0.1,3.2,0.1,10.3
10052018,@ Murray St.,L 0 - 3,3,47.0,19.9,138.5,0.18180000000000004,44.4,4.2,7.7,63.7,4.1,1.3,11.6,0.8,58.3,0.1,0.0,0.1,0.1,2.8,0.5,0.3,7.6,0.4,0.0,0.0,0.0,0.6,4.5,2.6,13.6,0.08270000000000002,0.4,0.0,0.1,0.5,0.0,0.8,2.2,0.1,6.4,8.6,1.9,21.2,0.3054,0.1,0.1,0.9,0.8,0.0,0.3,3.2,0.1,10.6
10062018,@ Austin Peay,L 1 - 3,4,49.5,20.7,145.1,0.1852000000000001,46.8,4.7,7.9,68.2,3.8,1.3,10.9,1.1,60.95,0.1,0.0,0.1,0.1,3.7,0.8,0.4,8.9,0.4,0.0,0.0,0.0,0.9,4.1,2.4,12.7,0.07760000000000003,0.3,0.0,0.1,0.7,0.0,0.8,2.0,0.1,5.9,8.6,2.2,22.4,0.2686,0.1,0.1,0.8,0.8,0.0,0.4,3.1,0.1,10.65
10122018,@ Tennessee Tech,L 0 - 3,3,51.4,20.3,147.2,0.20470000000000005,48.6,4.5,8.2,69.6,3.8,1.1,9.7,1.1,61.85,0.1,0.0,0.1,0.1,3.6,0.8,0.4,9.8,0.4,0.0,0.0,0.0,0.9,3.6,1.7,10.9,0.08870000000000001,0.3,0.0,0.1,0.6,0.0,0.5,1.5,0.1,4.85,9.0,2.4,23.6,0.2613,0.1,0.1,0.8,0.7,0.0,0.4,2.8,0.1,10.9
10132018,@ Jacksonville St.,L 0 - 3,3,51.1,21.1,143.5,0.19490000000000005,48.6,4.6,8.1,66.7,3.9,1.0,8.5,1.2,60.95,0.1,0.0,0.1,0.1,3.7,0.9,0.5,10.1,0.5,0.0,0.0,0.0,1.0,3.0,1.7,9.6,0.04250000000000001,0.2,0.0,0.1,0.4,0.0,0.4,0.9,0.1,3.85,9.3,2.7,23.7,0.2599,0.1,0.1,0.7,0.5,0.0,0.4,2.7,0.1,11.15
10192018,Morehead St.,W 3 - 1,4,50.8,21.0,143.7,0.19360000000000005,48.2,4.4,8.2,68.1,3.6,1.0,8.4,1.2,60.4,0.2,0.0,0.2,0.2,4.2,1.0,0.5,12.7,0.5,0.0,0.0,0.0,1.2,3.6,1.9,10.3,0.05220000000000001,0.2,0.0,0.1,0.6,0.0,0.4,1.0,0.0,4.5,8.8,2.3,22.3,0.2674,0.0,0.0,0.4,0.5,0.0,0.4,2.2,0.1,10.3
10202018,Eastern Ky.,W 3 - 1,4,48.0,21.2,139.5,0.18150000000000005,45.5,4.3,7.3,65.9,3.6,0.9,8.0,1.2,57.2,0.2,0.0,0.2,0.2,4.9,1.2,0.5,14.6,0.6,0.0,0.0,0.0,1.4,3.6,1.7,10.4,0.05800000000000001,0.1,0.0,0.1,0.9,0.0,0.3,1.2,0.0,4.5,7.7,2.2,19.1,0.23620000000000005,0.0,0.0,0.2,0.4,0.0,0.4,1.7,0.1,8.95
10242018,Eastern Ill.,W 3 - 2,5,52.0,23.0,151.5,0.18200000000000008,49.4,4.8,7.6,71.9,3.4,0.8,7.8,1.3,61.5,0.2,0.0,0.2,0.2,5.6,1.4,0.4,17.1,0.6,0.0,0.0,0.0,1.6,5.5,2.0,13.0,0.08430000000000001,0.2,0.0,0.0,1.2,0.0,0.2,1.3,0.1,6.35,7.0,1.9,17.4,0.21270000000000008,0.0,0.0,0.1,0.2,0.0,0.4,1.3,0.1,8.05
10272018,Tennessee St.,W 3 - 1,4,53.6,23.4,155.4,0.1834000000000001,51.1,4.8,8.3,71.9,3.4,0.8,7.6,1.4,63.0,0.2,0.0,0.4,0.2,5.5,1.3,0.6,17.2,0.6,0.0,0.0,0.0,1.5,6.1,2.0,14.3,0.09960000000000002,0.2,0.0,0.0,1.0,0.0,0.1,1.6,0.2,7.0,6.0,1.6,15.0,0.18350000000000005,0.0,0.0,0.0,0.1,0.0,0.4,0.9,0.1,6.85
11022018,@ Southeast Mo. St.,L 1 - 3,4,51.3,24.6,151.0,0.16680000000000011,48.9,4.8,8.0,69.3,3.9,0.8,8.8,1.4,61.3,0.2,0.0,0.4,0.2,5.4,1.2,0.7,17.4,1.0,0.0,0.0,0.0,1.4,6.9,2.5,16.1,0.1116,0.3,0.0,0.0,1.0,0.0,0.0,2.1,0.3,7.95,4.2,1.5,11.3,0.13760000000000008,0.0,0.0,0.0,0.1,0.0,0.4,0.7,0.0,4.95
11032018,@ UT Martin,W 3 - 1,4,50.0,25.9,152.9,0.1478000000000001,47.6,4.8,7.9,68.8,4.0,1.2,9.0,1.6,60.5,0.1,0.0,0.3,0.1,4.6,1.4,0.7,17.4,0.8,0.0,0.0,0.0,1.5,8.2,3.0,18.4,0.1464,0.3,0.0,0.0,1.0,0.0,0.4,2.3,0.3,9.75,3.0,1.4,8.8,0.09360000000000007,0.0,0.0,0.0,0.1,0.0,0.4,0.6,0.0,3.7
11092018,Austin Peay,L 0 - 3,3,50.3,25.9,151.8,0.15200000000000008,47.6,4.4,7.9,67.7,4.0,1.2,9.8,1.6,60.8,0.1,0.0,0.3,0.1,4.8,1.2,0.9,17.0,0.7,0.0,0.0,0.0,1.3,9.0,2.8,19.4,0.2402,0.3,0.0,0.0,1.2,0.0,0.4,2.5,0.3,10.65,2.4,1.2,7.0,0.07140000000000009,0.0,0.0,0.0,0.1,0.0,0.2,0.4,0.0,2.8
11102018,Murray St.,L 1 - 3,4,49.9,26.2,151.6,0.14800000000000008,47.6,3.9,8.0,68.7,4.1,1.2,10.2,1.3,60.1,0.1,0.0,0.3,0.1,4.4,0.9,0.9,17.0,0.9,0.0,0.0,0.0,1.0,10.2,3.4,21.7,0.2503,0.3,0.0,0.0,1.0,0.0,0.4,2.6,0.3,11.9,1.8,0.8,4.7,0.06270000000000009,0.0,0.0,0.0,0.1,0.0,0.0,0.3,0.0,1.95
11152018,"Jacksonville St. @ Clarksville, TN",L 0 - 3,3,49.4,26.6,148.8,0.14410000000000006,47.3,4.4,8.0,67.1,4.3,1.2,10.4,1.6,60.2,0.1,0.0,0.3,0.1,4.6,0.9,1.0,16.6,1.1,0.0,0.0,0.0,1.0,10.5,3.7,22.7,0.2503,0.3,0.0,0.0,1.0,0.0,0.5,2.7,0.3,12.35,1.0,0.5,2.5,0.040000000000000084,0.0,0.0,0.0,0.0,0.0,0.0,0.2,0.0,1.1
8252017,"Toledo @ Fort Wayne, Ind.",W 3 - 2,5,53.8,26.9,158.6,0.16790000000000008,51.3,4.4,7.9,72.5,4.2,1.8,11.0,1.7,65.5,12.2,5.3,38.6,0.15659999999999993,1.7,0.7,1.6,11.3,0.8,0.3,0.6,0.1,13.5,2.3,1.4,9.2,0.0943,0.1,0.0,0.0,1.9,0.0,0.0,1.4,0.1,3.0,4.4,3.5,14.6,0.020200000000000017,0.0,0.0,0.0,2.5,0.1,0.0,1.3,0.1,5.05
8262017,"Quinnipiac @ Fort Wayne, Ind.",W 3 - 0,3,53.0,25.5,151.8,0.18360000000000007,50.4,4.7,7.6,69.0,4.5,1.8,10.2,1.8,64.6,10.7,4.9,34.3,0.13099999999999995,1.7,0.6,1.4,9.8,0.6,0.2,0.5,0.0,11.75,1.8,0.9,7.6,0.0943,0.1,0.0,0.0,1.8,0.0,0.0,1.3,0.1,2.45,3.7,3.3,12.3,-0.09179999999999998,0.0,0.0,0.0,2.5,0.1,0.0,1.0,0.1,4.2
8262017,@ Purdue Fort Wayne,W 3 - 1,4,52.4,23.9,145.8,0.20040000000000005,49.6,4.6,7.4,66.7,4.7,2.0,11.6,2.1,64.8,9.8,4.3,30.5,0.12329999999999995,1.6,0.6,1.2,7.9,0.5,0.2,0.4,0.0,10.8,1.4,0.8,6.0,0.07550000000000001,0.1,0.0,0.0,1.8,0.0,0.0,1.2,0.1,2.0,3.0,2.6,10.1,-0.09179999999999998,0.0,0.0,0.0,2.0,0.1,0.0,0.8,0.1,3.4
9012017,Wright St.,W 3 - 1,4,49.6,21.9,136.9,0.20580000000000007,46.9,4.7,6.7,63.8,4.7,2.3,12.0,2.1,62.6,6.8,3.7,22.5,0.09329999999999994,1.6,0.5,0.9,6.5,0.5,0.2,0.3,0.0,7.65,1.0,0.7,4.1,0.06050000000000001,0.1,0.0,0.0,1.3,0.0,0.0,1.2,0.1,1.6,2.3,1.8,7.8,-0.08749999999999998,0.0,0.0,0.0,1.3,0.1,0.0,0.7,0.1,2.65
9022017,Kansas City,W 3 - 0,3,48.1,21.8,131.5,0.2062000000000001,45.0,4.6,5.6,61.4,4.6,2.4,11.8,2.1,61.0,5.5,3.0,18.6,0.07789999999999994,1.2,0.3,0.7,5.2,0.4,0.2,0.3,0.0,6.15,0.8,0.5,3.2,0.06050000000000001,0.0,0.0,0.0,0.6,0.0,0.0,0.7,0.1,1.15,2.3,1.6,7.4,-0.03749999999999998,0.0,0.0,0.0,1.3,0.1,0.0,0.6,0.1,2.6
9022017,Tulsa,L 0 - 3,3,46.9,20.3,128.5,0.21070000000000014,44.0,4.1,5.5,60.6,4.2,2.3,10.2,1.9,58.4,4.3,2.4,14.7,0.062499999999999924,1.1,0.2,0.5,3.2,0.4,0.1,0.3,0.0,4.75,0.7,0.4,2.7,0.06050000000000001,0.0,0.0,0.0,0.5,0.0,0.0,0.4,0.1,0.9,2.1,1.2,5.8,-0.024999999999999974,0.0,0.0,0.0,1.2,0.1,0.0,0.4,0.1,2.3
9082017,@ Chattanooga,L 1 - 3,4,45.8,20.2,127.4,0.20580000000000012,42.8,4.0,5.3,61.4,4.0,2.2,10.2,1.6,57.1,3.3,1.6,9.4,0.058699999999999926,1.0,0.1,0.2,1.8,0.4,0.1,0.3,0.0,3.65,0.1,0.0,0.8,0.05000000000000001,0.0,0.0,0.0,0.0,0.0,0.0,0.2,0.0,0.2,1.3,0.9,4.2,-0.05619999999999999,0.0,0.0,0.0,0.9,0.1,0.0,0.2,0.0,1.4
9092017,"Georgia St. @ Chattanooga, Tenn.",W 3 - 0,3,47.0,19.5,127.9,0.22180000000000014,44.0,4.8,5.1,64.7,3.9,2.1,9.0,1.8,58.4,2.6,1.1,7.1,0.04999999999999993,0.7,0.1,0.1,1.6,0.2,0.1,0.1,0.0,2.85,0.1,0.0,0.4,0.05000000000000001,0.0,0.0,0.0,0.0,0.0,0.0,0.0,0.0,0.1,0.7,0.8,2.9,-0.09469999999999998,0.0,0.0,0.0,0.7,0.0,0.0,0.1,0.0,0.75
9092017,"Jackson St. @ Chattanooga, Tenn.",W 3 - 0,3,45.8,18.9,123.4,0.22300000000000011,42.6,5.3,4.7,61.8,3.8,2.1,9.4,1.9,57.9,1.4,0.4,3.1,0.007399999999999936,0.2,0.0,0.0,0.4,0.1,0.0,0.1,0.0,1.45,0.2,0.1,1.3,0.05000000000000001,0.0,0.0,0.0,0.0,0.0,0.0,0.1,0.0,0.25,0.3,0.6,1.1,-0.2,0.0,0.0,0.0,0.0,0.0,0.0,0.0,0.0,0.3
9152017,Seattle U,W 3 - 1,4,47.5,18.3,127.4,0.2359000000000001,44.0,5.6,5.2,65.7,3.7,2.4,10.4,1.8,60.7,0.0,0.1,0.4,-0.033300000000000066,0.0,0.0,0.0,0.0,0.0,0.0,0.0,0.0,0.0,0.1,0.1,1.1,1.1102230246251566e-17,0.0,0.0,0.0,0.0,0.0,0.0,0.1,0.0,0.15,0.0,0.3,0.3,-0.2,0.0,0.0,0.0,0.0,0.0,0.0,0.0,0.0,0.0
9162017,UIC,W 3 - 0,3,44.7,16.6,119.1,0.2428000000000001,41.5,5.7,5.4,61.6,3.5,2.1,10.4,1.9,57.7,0.0,0.1,0.4,-0.033300000000000066,0.0,0.0,0.0,0.0,0.0,0.0,0.0,0.0,0.0,0.1,0.1,1.1,1.1102230246251566e-17,0.0,0.0,0.0,0.0,0.0,0.0,0.1,0.0,0.15,0.0,0.3,0.3,-0.2,0.0,0.0,0.0,0.0,0.0,0.0,0.0,0.0,0.0
9162017,Montana,W 3 - 1,4,46.7,17.3,125.9,0.23850000000000016,43.2,5.4,5.5,64.4,3.1,2.1,11.0,1.9,59.7,0.0,0.1,0.4,-0.033300000000000066,0.0,0.0,0.0,0.0,0.0,0.0,0.0,0.0,0.0,0.1,0.1,1.0,1.1102230246251566e-17,0.0,0.0,0.0,0.0,0.0,0.0,0.1,0.0,0.15,0.0,0.1,0.1,-0.09999999999999998,0.0,0.0,0.0,0.0,0.0,0.0,0.0,0.0,0.0
9222017,@ Austin Peay,L 2 - 3,5,49.5,19.0,135.3,0.23020000000000015,46.4,5.2,5.5,69.1,3.5,2.1,9.8,2.0,61.7,0.0,0.1,0.3,-0.033300000000000066,0.0,0.0,0.0,0.0,0.0,0.0,0.0,0.0,0.0,0.1,0.1,1.0,1.1102230246251566e-17,0.0,0.0,0.0,0.0,0.0,0.0,0.1,0.0,0.15,0.0,0.1,0.1,-0.09999999999999998,0.0,0.0,0.0,0.0,0.0,0.0,0.0,0.0,0.0
9232017,@ Murray St.,L 2 - 3,5,50.8,19.7,139.1,0.2286000000000002,47.7,5.1,5.7,68.8,4.2,1.9,11.0,2.0,63.3,0.0,0.1,0.3,-0.033300000000000066,0.0,0.0,0.0,0.0,0.0,0.0,0.0,0.0,0.0,0.1,0.1,0.9,1.1102230246251566e-17,0.0,0.0,0.0,0.0,0.0,0.0,0.1,0.0,0.15,0.0,0.1,0.1,-0.09999999999999998,0.0,0.0,0.0,0.0,0.0,0.0,0.0,0.0,0.0
9272017,@ Eastern Ill.,W 3 - 1,4,52.0,19.6,142.7,0.2309000000000002,48.7,5.9,5.9,71.2,4.9,1.8,10.6,2.1,65.0,0.0,0.1,0.3,-0.033300000000000066,0.0,0.0,0.0,0.0,0.0,0.0,0.0,0.0,0.0,0.1,0.1,0.9,1.1102230246251566e-17,0.0,0.0,0.0,0.0,0.0,0.0,0.1,0.0,0.15,0.0,0.1,0.1,-0.09999999999999998,0.0,0.0,0.0,0.0,0.0,0.0,0.0,0.0,0.0
9302017,Belmont,W 3 - 2,5,53.7,20.5,145.0,0.2346000000000002,50.1,6.3,6.4,72.0,4.9,2.0,11.4,2.3,67.7,0.0,0.1,0.3,-0.033300000000000066,0.0,0.0,0.0,0.0,0.0,0.0,0.0,0.0,0.0,0.1,0.1,0.9,1.1102230246251566e-17,0.0,0.0,0.0,0.0,0.0,0.0,0.1,0.0,0.15,0.0,0.1,0.1,-0.09999999999999998,0.0,0.0,0.0,0.0,0.0,0.0,0.0,0.0,0.0
10062017,UT Martin,W 3 - 1,4,54.5,20.1,144.1,0.24320000000000025,50.9,6.2,6.1,70.7,4.4,1.8,12.2,2.0,68.6,0.0,0.1,0.3,-0.033300000000000066,0.0,0.0,0.0,0.0,0.0,0.0,0.0,0.0,0.0,0.1,0.1,0.9,1.1102230246251566e-17,0.0,0.0,0.0,0.0,0.0,0.0,0.1,0.0,0.15,0.0,0.1,0.1,-0.09999999999999998,0.0,0.0,0.0,0.0,0.0,0.0,0.0,0.0,0.0
10072017,Southeast Mo. St.,W 3 - 1,4,56.2,21.9,149.6,0.23160000000000025,52.3,6.0,6.3,72.6,4.6,1.9,13.6,1.8,70.9,0.0,0.1,0.3,-0.033300000000000066,0.0,0.0,0.0,0.0,0.0,0.0,0.0,0.0,0.0,0.1,0.1,0.9,1.1102230246251566e-17,0.0,0.0,0.0,0.0,0.0,0.0,0.1,0.0,0.15,0.0,0.1,0.1,-0.09999999999999998,0.0,0.0,0.0,0.0,0.0,0.0,0.0,0.0,0.0
10132017,@ Eastern Ky.,W 3 - 2,5,57.3,23.2,155.6,0.22450000000000028,53.3,5.6,6.4,74.3,5.2,1.7,14.0,1.7,71.6,0.0,0.0,0.1,0.0,0.1,0.0,0.1,0.1,0.1,0.0,0.0,0.0,0.0,0.0,0.0,0.0,1.1102230246251566e-17,0.0,0.0,0.0,0.0,0.0,0.0,0.0,0.0,0.0,0.3,0.0,0.3,0.10000000000000002,0.0,0.0,0.0,0.0,0.0,0.0,0.1,0.0,0.35
10142017,@ Morehead St.,W 3 - 0,3,56.7,23.0,152.0,0.23110000000000025,52.7,4.9,5.5,70.2,4.6,1.7,13.0,1.7,69.8,0.1,0.2,0.4,-0.033300000000000066,0.1,0.0,0.1,0.1,0.1,0.0,0.0,0.0,0.1,0.0,0.0,0.0,1.1102230246251566e-17,0.0,0.0,0.0,0.0,0.0,0.0,0.0,0.0,0.0,0.3,0.0,0.3,0.10000000000000002,0.0,0.0,0.0,0.0,0.0,0.0,0.1,0.0,0.35
10202017,Jacksonville St.,W 3 - 1,4,58.5,24.5,157.2,0.22330000000000028,54.4,5.3,5.1,72.8,4.8,1.5,13.2,1.5,71.9,0.1,0.2,0.4,-0.033300000000000066,0.1,0.0,0.1,0.1,0.1,0.0,0.0,0.0,0.1,0.0,0.0,0.0,1.1102230246251566e-17,0.0,0.0,0.0,0.0,0.0,0.0,0.0,0.0,0.0,0.3,0.0,0.3,0.10000000000000002,0.0,0.0,0.0,0.0,0.0,0.0,0.1,0.0,0.35
10212017,Tennessee Tech,W 3 - 0,3,56.6,23.0,150.2,0.23760000000000026,53.0,5.5,5.1,69.9,4.8,1.8,12.8,1.6,70.3,0.1,0.2,0.4,-0.033300000000000066,0.1,0.0,0.1,0.1,0.1,0.0,0.0,0.0,0.1,0.0,0.0,0.0,1.1102230246251566e-17,0.0,0.0,0.0,0.0,0.0,0.0,0.0,0.0,0.0,0.3,0.0,0.4,0.10000000000000002,0.0,0.0,0.0,0.0,0.0,0.0,0.1,0.1,0.35
10272017,Murray St.,W 3 - 2,5,55.9,23.0,150.5,0.23380000000000026,52.2,6.0,5.6,69.5,4.3,1.8,13.1,1.4,70.25,0.1,0.2,0.4,-0.033300000000000066,0.1,0.0,0.1,0.1,0.1,0.0,0.0,0.0,0.1,0.0,0.0,0.0,1.1102230246251566e-17,0.0,0.0,0.0,0.0,0.0,0.0,0.0,0.0,0.0,0.3,0.0,0.4,0.10000000000000002,0.0,0.0,0.0,0.0,0.0,0.0,0.1,0.1,0.35
10282017,Austin Peay,L 2 - 3,5,55.6,22.6,148.9,0.23650000000000024,51.9,5.7,5.5,69.8,4.3,2.0,11.7,1.4,69.15,0.1,0.2,0.4,-0.033300000000000066,0.1,0.0,0.1,0.1,0.1,0.0,0.0,0.0,0.1,0.0,0.0,0.0,1.1102230246251566e-17,0.0,0.0,0.0,0.0,0.0,0.0,0.0,0.0,0.0,0.3,0.0,0.4,0.10000000000000002,0.0,0.0,0.0,0.0,0.0,0.0,0.1,0.1,0.35
11012017,Eastern Ill.,W 3 - 0,3,53.9,22.7,146.9,0.22630000000000025,50.5,5.3,5.5,69.6,4.1,2.3,12.1,1.3,67.55,0.1,0.2,0.4,-0.033300000000000066,0.1,0.0,0.1,0.1,0.1,0.0,0.0,0.0,0.1,0.0,0.0,0.0,1.1102230246251566e-17,0.0,0.0,0.0,0.0,0.0,0.0,0.0,0.0,0.0,0.3,0.0,0.4,0.10000000000000002,0.0,0.0,0.0,0.0,0.0,0.0,0.1,0.1,0.35
11042017,@ Tennessee St.,W 3 - 0,3,53.6,21.8,144.6,0.23440000000000025,50.3,5.0,5.4,67.9,4.0,2.1,12.1,1.1,66.75,0.1,0.2,0.6,-0.033300000000000066,0.1,0.0,0.1,0.1,0.1,0.0,0.0,0.0,0.1,0.0,0.0,0.0,1.1102230246251566e-17,0.0,0.0,0.0,0.0,0.0,0.0,0.0,0.0,0.0,0.3,0.0,0.4,0.10000000000000002,0.0,0.0,0.0,0.0,0.0,0.0,0.1,0.1,0.35
11102017,@ Southeast Mo. St.,W 3 - 2,5,54.1,22.6,146.2,0.23050000000000026,50.7,5.3,5.8,68.9,4.1,2.3,11.7,1.2,67.55,0.3,0.3,0.9,-7.216449660063518e-17,0.1,0.0,0.1,0.1,0.1,0.0,0.0,0.0,0.3,0.0,0.0,0.0,1.1102230246251566e-17,0.0,0.0,0.0,0.0,0.0,0.0,0.0,0.0,0.0,0.9,0.2,1.5,0.13640000000000002,0.0,0.0,0.0,0.1,0.0,0.0,0.2,0.1,1.0
11112017,@ UT Martin,W 3 - 2,5,53.1,22.5,145.1,0.22630000000000025,50.1,5.0,6.0,65.4,4.0,2.3,11.5,1.2,66.15,0.3,0.3,0.9,-7.216449660063518e-17,0.1,0.0,0.1,0.1,0.1,0.0,0.0,0.0,0.3,0.0,0.0,0.0,1.1102230246251566e-17,0.0,0.0,0.0,0.0,0.0,0.0,0.0,0.0,0.0,1.3,1.0,3.6,0.11740000000000005,0.0,0.0,0.0,0.5,0.0,0.0,0.4,0.1,1.5
11162017,"Eastern Ill. @ Clarksville, TN",L 1 - 3,4,53.4,22.3,144.9,0.2292000000000002,50.3,4.7,6.1,67.3,3.9,2.6,10.5,1.5,65.95,0.3,0.3,0.8,-7.216449660063518e-17,0.0,0.0,0.0,0.0,0.0,0.0,0.0,0.0,0.3,0.0,0.0,0.0,1.1102230246251566e-17,0.0,0.0,0.0,0.0,0.0,0.0,0.0,0.0,0.0,1.0,1.0,3.3,0.017400000000000037,0.0,0.0,0.0,0.5,0.0,0.0,0.3,0.1,1.15
11292017,"Arkansas St. @ Oxford, MS",L 1 - 3,4,55.4,24.9,152.4,0.21010000000000026,52.5,4.7,6.9,71.4,4.5,2.5,11.9,1.3,68.55,0.2,0.1,0.5,0.033299999999999934,0.0,0.0,0.0,0.0,0.0,0.0,0.0,0.0,0.2,0.0,0.0,0.0,1.1102230246251566e-17,0.0,0.0,0.0,0.0,0.0,0.0,0.0,0.0,0.0,1.0,1.0,3.3,0.017400000000000037,0.0,0.0,0.0,0.5,0.0,0.0,0.3,0.1,1.15
8262016,@ Wright St.,W 3 - 1,4,54.5,25.4,153.6,0.20000000000000026,51.3,4.5,7.0,70.8,4.4,2.6,11.9,1.2,67.55,5.5,2.7,15.6,0.07210000000000001,0.3,0.0,0.0,3.9,0.3,0.4,1.7,0.2,6.75,0.0,0.0,0.0,0.0,0.0,0.0,0.3,0.5,0.1,0.0,0.0,0.0,0.0,3.4,1.6,7.9,0.12399999999999994,0.0,0.0,0.0,0.4,0.0,0.2,0.8,0.1,4.0
8272016,Dayton @ Wright State,L 1 - 3,4,54.3,27.3,157.8,0.17270000000000024,51.1,4.2,6.7,71.9,5.0,2.2,12.9,0.9,67.15,5.8,3.0,16.6,0.052000000000000005,0.3,0.0,0.0,3.5,0.3,0.3,1.9,0.2,7.05,0.0,0.0,0.0,0.0,0.0,0.0,0.3,0.5,0.1,0.0,0.0,0.0,0.0,3.4,1.6,7.9,0.12399999999999994,0.0,0.0,0.0,0.4,0.0,0.2,0.8,0.1,4.0
8272016,Toledo @ Wright State,L 2 - 3,5,54.1,27.7,157.2,0.17010000000000028,51.0,4.3,6.7,70.2,5.1,2.2,13.1,1.0,67.15,5.9,3.0,17.5,0.0538,0.4,0.2,0.2,4.4,0.3,0.4,1.6,0.2,7.3,0.0,0.0,0.0,0.0,0.0,0.0,0.3,0.5,0.1,0.0,0.0,0.0,0.0,3.3,1.6,7.6,0.09069999999999998,0.0,0.0,0.0,0.4,0.0,0.2,0.8,0.1,3.9
9022016,Green Bay,L 2 - 3,5,54.7,29.6,159.2,0.16060000000000027,51.5,4.6,7.0,70.0,4.8,2.4,13.7,1.2,68.55,6.8,3.5,19.4,0.0531,0.3,0.2,0.4,5.0,0.1,0.4,1.7,0.4,8.25,,,,,,,,,,,,,,3.6,2.0,8.7,0.08159999999999998,0.0,0.0,0.0,0.5,0.0,0.2,1.1,0.1,4.35
9032016,Evansville,W 3 - 0,3,54.6,29.1,157.6,0.16750000000000026,51.6,4.5,7.5,68.3,4.4,2.1,13.3,1.1,67.85,7.1,3.6,20.2,0.0538,0.2,0.3,0.5,5.2,0.1,0.3,1.5,0.4,8.45,,,,,,,,,,,,,,3.4,1.8,7.9,0.08159999999999998,0.0,0.0,0.0,0.5,0.0,0.2,1.1,0.1,4.15
9092016,@ Columbia,W 3 - 1,4,56.3,29.5,161.5,0.16990000000000025,53.4,4.6,6.9,71.3,4.6,2.3,12.7,1.5,69.55,7.1,3.8,20.8,0.0405,0.2,0.3,0.5,6.0,0.1,0.3,1.5,0.5,8.45,,,,,,,,,,,,,,2.8,1.6,6.7,0.04829999999999999,0.0,0.0,0.0,0.3,0.0,0.2,0.8,0.1,3.4
9092016,"Bryant @ New York, N.Y.",W 3 - 1,4,57.0,28.0,161.1,0.18360000000000026,54.0,4.2,6.7,71.8,4.7,2.6,12.5,1.6,70.05,7.0,3.7,21.3,0.0405,0.1,0.3,0.7,6.3,0.1,0.4,1.3,0.5,8.35,,,,,,,,,,,,,,1.9,1.3,4.7,0.01829999999999999,0.0,0.0,0.0,0.2,0.0,0.1,0.6,0.0,2.3
9102016,"Manhattan @ New York, N.Y.",W 3 - 0,3,56.6,27.2,155.6,0.19720000000000024,53.0,4.0,6.2,70.7,4.6,2.6,12.1,1.8,69.25,7.2,3.8,22.0,0.1405,0.1,0.3,0.7,6.4,0.1,0.4,1.3,0.6,8.55,,,,,,,,,,,,,,0.9,1.2,3.1,-0.029100000000000008,0.0,0.0,0.0,0.2,0.0,0.0,0.5,0.0,1.15
9162016,@ UIC,W 3 - 1,4,55.9,26.3,151.9,0.20230000000000026,52.4,4.5,6.1,68.5,4.2,2.4,13.9,1.7,69.75,6.6,3.7,20.1,0.1142,0.1,0.3,0.7,6.0,0.0,0.4,1.2,0.4,7.9,,,,,,,,,,,,,,0.6,0.7,2.1,-0.009100000000000007,0.0,0.0,0.0,0.1,0.0,0.0,0.4,0.0,0.8
9162016,"UMass Lowell @ Chicago, Ill.",W 3 - 1,4,54.3,24.3,147.9,0.21030000000000024,50.2,5.4,5.8,67.6,4.2,2.2,13.1,1.7,68.45,5.8,3.1,17.8,0.1055,0.1,0.3,0.7,5.9,0.0,0.3,0.8,0.4,6.8,,,,,,,,,,,,,,0.5,0.6,1.7,-0.009100000000000007,0.0,0.0,0.1,0.1,0.0,0.0,0.4,0.0,0.7
9172016,"Bowling Green @ Chicago, Ill.",L 0 - 3,3,52.5,23.1,144.4,0.2085000000000002,48.9,5.0,6.1,67.6,4.0,2.1,12.7,2.0,65.95,5.2,3.1,16.7,0.054699999999999985,0.2,0.4,0.8,6.2,0.0,0.2,0.7,0.5,6.15,,,,,,,,,,,,,,0.5,0.6,1.7,-0.009100000000000007,0.0,0.0,0.1,0.1,0.0,0.0,0.4,0.0,0.7
9212016,Eastern Ill.,W 3 - 0,3,52.0,22.0,140.2,0.22020000000000015,48.6,5.2,6.1,67.3,3.5,2.4,11.5,2.1,65.35,4.2,2.7,14.4,0.028599999999999993,0.2,0.4,0.8,6.0,0.0,0.2,0.3,0.5,4.95,,,,,,,,,,,,,,0.5,0.6,1.7,-0.009100000000000007,0.0,0.0,0.1,0.1,0.0,0.0,0.4,0.0,0.7
9242016,Tennessee St.,W 3 - 0,3,50.2,19.8,133.0,0.2320000000000001,46.9,4.6,5.7,64.9,3.5,2.3,10.6,2.0,62.4,3.5,2.2,11.6,0.02149999999999999,0.1,0.2,0.6,4.5,0.0,0.1,0.2,0.5,3.9,,,,,,,,,,,,,,0.5,0.6,1.7,-0.009100000000000007,0.0,0.0,0.1,0.1,0.0,0.0,0.4,0.0,0.7
9302016,@ UT Martin,W 3 - 1,4,49.1,18.1,129.5,0.2393000000000001,45.9,4.6,5.2,63.9,3.1,1.8,10.4,2.2,60.7,1.8,1.4,7.5,-0.0005000000000000088,0.1,0.2,0.4,3.1,0.0,0.1,0.1,0.3,2.15,,,,,,,,,,,,,,0.2,0.2,0.6,0.0,0.0,0.0,0.1,0.0,0.0,0.0,0.1,0.0,0.25
10012016,@ Southeast Mo. St.,W 3 - 2,5,50.5,19.2,135.0,0.2321000000000001,47.2,4.8,4.8,64.4,3.6,1.8,12.8,2.3,63.5,1.0,1.1,5.4,-0.02430000000000001,0.1,0.1,0.3,2.5,0.0,0.1,0.1,0.3,1.25,,,,,,,,,,,,,,0.2,0.2,0.6,0.0,0.0,0.0,0.1,0.0,0.0,0.0,0.1,0.0,0.25
10072016,Murray St.,L 2 - 3,5,49.4,19.8,135.6,0.22070000000000006,46.2,4.4,5.6,64.3,4.0,1.7,15.2,2.1,63.1,0.4,0.6,3.3,-0.028600000000000007,0.1,0.1,0.3,1.3,0.0,0.1,0.1,0.2,0.65,,,,,,,,,,,,,,0.2,0.2,0.6,0.0,0.0,0.0,0.1,0.0,0.0,0.0,0.1,0.0,0.25
10082016,Austin Peay,L 2 - 3,5,48.4,21.9,138.2,0.20030000000000012,45.4,4.5,6.1,65.5,4.5,1.2,15.8,2.0,62.0,0.2,0.6,2.0,-0.0953,0.1,0.1,0.1,0.8,0.0,0.0,0.1,0.2,0.35,,,,,,,,,,,,,,0.2,0.2,0.6,0.0,0.0,0.0,0.1,0.0,0.0,0.0,0.1,0.0,0.25
10142016,Morehead St.,W 3 - 2,5,48.6,22.3,142.8,0.18920000000000006,46.3,4.8,6.1,68.8,4.9,1.3,16.0,1.9,62.7,0.2,0.5,2.4,-0.08700000000000001,0.2,0.1,0.2,1.6,0.0,0.0,0.2,0.1,0.4,,,,,,,,,,,,,,0.1,0.1,0.3,0.0,0.0,0.0,0.1,0.0,0.0,0.0,0.0,0.0,0.1
10152016,Eastern Ky.,W 3 - 0,3,47.6,21.8,139.5,0.1903000000000001,45.2,4.7,5.8,68.4,4.7,1.3,15.1,1.7,61.15,0.3,0.5,2.8,-0.06200000000000001,0.2,0.1,0.2,2.1,0.0,0.0,0.2,0.1,0.5,,,,,,,,,,,,,,0.1,0.1,0.3,0.0,0.0,0.0,0.1,0.0,0.0,0.0,0.0,0.0,0.1
10212016,@ Tennessee Tech,W 3 - 0,3,46.3,22.1,139.2,0.1782000000000001,44.4,3.7,5.5,68.6,4.4,1.7,15.3,1.8,59.35,0.9,0.8,4.5,-0.044400000000000016,0.2,0.1,0.3,2.6,0.0,0.1,0.3,0.1,1.25,,,,,,,,,,,,,,0.0,0.0,0.0,0.0,0.0,0.0,0.0,0.0,0.0,0.0,0.0,0.0,0.0
10222016,@ Jacksonville St.,W 3 - 1,4,48.9,23.0,142.0,0.1875000000000001,46.5,3.8,5.6,67.8,4.5,1.8,15.7,2.2,62.35,1.1,0.8,4.7,-0.0158,0.1,0.0,0.2,2.2,0.0,0.1,0.2,0.0,1.3,,,,,,,,,,,,,,0.0,0.0,0.0,0.0,0.0,0.0,0.0,0.0,0.0,0.0,0.0,0.0,0.0
10262016,@ Eastern Ill.,W 3 - 0,3,49.7,22.4,142.1,0.20160000000000008,47.1,3.7,5.5,67.6,4.5,1.7,16.5,2.5,63.35,1.1,0.8,4.7,-0.0158,0.1,0.0,0.2,2.8,0.0,0.1,0.2,0.0,1.3,,,,,,,,,,,,,,0.2,0.0,0.2,0.1,0.0,0.0,0.0,0.0,0.0,0.0,0.0,0.0,0.2
10292016,@ Belmont,W 3 - 0,3,49.6,22.9,141.3,0.1982000000000001,47.1,3.7,5.4,67.3,4.6,1.8,16.7,2.7,63.45,1.1,0.8,4.7,-0.0158,0.2,0.0,0.2,3.6,0.0,0.1,0.2,0.0,1.3,,,,,,,,,,,,,,0.2,0.0,0.2,0.1,0.0,0.0,0.0,0.0,0.0,0.0,0.0,0.0,0.2
11042016,Southeast Mo. St.,W 3 - 1,4,49.9,23.3,143.4,0.19500000000000006,47.6,3.8,5.2,69.7,5.1,2.0,16.3,2.3,63.85,1.1,1.0,5.2,-0.0558,0.2,0.0,0.2,4.3,0.1,0.1,0.2,0.0,1.3,,,,,,,,,,,,,,0.6,0.0,0.7,0.18,0.0,0.0,0.0,0.0,0.0,0.0,0.1,0.0,0.65
11052016,UT Martin,W 3 - 1,4,50.2,22.3,143.2,0.2036000000000001,47.8,3.5,5.0,72.1,5.0,2.1,14.7,2.2,63.15,1.2,1.0,5.3,0.0442,0.2,0.0,0.2,4.8,0.1,0.1,0.2,0.0,1.4,,,,,,,,,,,,,,0.6,0.0,0.7,0.18,0.0,0.0,0.0,0.0,0.0,0.0,0.1,0.0,0.65
11112016,@ Austin Peay,W 3 - 0,3,49.5,20.9,140.6,0.2115000000000001,46.8,3.7,4.2,71.4,4.7,2.5,13.9,2.1,62.65,1.2,1.0,5.3,0.0442,0.2,0.0,0.2,5.6,0.1,0.1,0.2,0.0,1.4,,,,,,,,,,,,,,0.6,0.0,0.7,0.18,0.0,0.0,0.0,0.0,0.0,0.0,0.1,0.0,0.65
11122016,@ Murray St.,L 2 - 3,5,48.6,19.5,138.1,0.2162000000000001,45.7,3.7,3.4,69.0,4.4,2.5,14.5,2.2,62.05,1.2,0.9,5.2,0.0609,0.2,0.1,0.3,6.7,0.2,0.1,0.2,0.0,1.5,,,,,,,,,,,,,,0.6,0.0,0.7,0.18,0.0,0.0,0.0,0.0,0.0,0.0,0.1,0.0,0.65
11172016,"Morehead St. @ Murray, Ky.",W 3 - 0,3,47.3,18.5,133.5,0.2224000000000001,44.4,3.9,3.2,66.1,4.1,2.2,15.1,2.3,60.95,1.0,0.9,4.1,-0.047400000000000005,0.1,0.1,0.2,7.1,0.3,0.1,0.1,0.0,1.25,,,,,,,,,,,,,,0.6,0.0,0.7,0.18,0.0,0.0,0.0,0.0,0.0,0.0,0.1,0.0,0.65
11182016,"Austin Peay @ Murray, Ky.",W 3 - 1,4,49.4,19.7,138.3,0.2221000000000001,46.6,4.3,3.1,65.7,4.3,2.1,14.6,2.4,63.1,1.0,1.0,4.1,-0.07239999999999999,0.1,0.1,0.3,8.0,0.5,0.1,0.1,0.0,1.25,,,,,,,,,,,,,,0.6,0.0,0.7,0.18,0.0,0.0,0.0,0.0,0.0,0.0,0.1,0.0,0.65
11192016,@ Murray St.,L 2 - 3,5,51.0,20.3,145.2,0.2230000000000001,48.0,4.6,3.5,67.4,4.2,1.8,14.8,2.4,64.8,1.1,0.9,4.5,-0.06620000000000001,0.1,0.1,0.3,8.5,0.5,0.0,0.1,0.0,1.25,,,,,,,,,,,,,,0.6,0.0,0.7,0.18,0.0,0.0,0.0,0.0,0.0,0.0,0.1,0.0,0.65
