Date,Opponent,Result,S,Kills,Errors,Total Attacks,Hit Pct,Assists,Aces,SErr,Digs,RErr,Block Solos,Block Assists,BErr,PTS,Player 11 Kills,Player 11 Errors,Player 11 Total Attacks,Player 11 Hit Pct,Player 11 Assists,Player 11 Aces,Player 11 SErr,Player 11 Digs,Player 11 RErr,Player 11 Block Solos,Player 11 Block Assists,Player 11 BErr,Player 11 PTS
8302019,"Florida St. @ Chapel Hill, N.C.",W 3 - 0,3,47.0,17.0,123.0,0.244,44.0,4.0,6.0,49.0,5.0,0.0,18.0,0.0,60.0,7.0,4.0,22.0,0.136,0.0,0.0,0.0,3.0,0.0,0.0,1.0,0.0,7.5
8312019,@ North Carolina,W 3 - 0,3,50.5,13.0,111.5,0.34700000000000003,46.0,4.5,6.5,41.0,2.5,0.0,12.0,0.0,61.0,9.5,2.5,23.0,0.297,0.0,0.0,0.0,2.0,0.0,0.0,0.5,0.0,9.75
9052019,Marquette,L 2 - 3,5,56.0,15.666666666666664,128.66666666666666,0.3253333333333333,51.66666666666666,4.333333333333333,8.333333333333334,45.33333333333334,3.333333333333333,0.0,19.33333333333333,0.6666666666666666,70.0,10.0,4.0,26.33333333333333,0.2383333333333333,0.0,0.0,0.0,1.3333333333333333,0.3333333333333333,0.0,0.3333333333333333,0.3333333333333333,10.166666666666666
9062019,Baylor,L 1 - 3,4,54.75,16.75,132.5,0.29775,51.25,5.0,7.75,48.0,4.0,0.0,21.5,0.5,70.5,11.0,4.5,31.25,0.22225,0.0,0.0,0.0,1.25,0.5,0.0,0.5,0.25,11.25
9132019,"South Carolina @ Clemson, S.C.",W 3 - 0,3,51.8,15.6,123.0,0.3064,48.6,6.2,7.6,45.2,4.4,0.0,19.6,0.4,67.8,10.4,4.0,30.4,0.2222,0.2,0.0,0.2,1.0,0.4,0.0,0.8,0.2,10.8
9142019,@ Clemson,W 3 - 0,3,50.83333333333334,14.833333333333336,119.5,0.3125,47.83333333333334,6.0,7.166666666666668,44.66666666666666,3.6666666666666665,0.3333333333333333,17.666666666666668,0.6666666666666666,66.0,10.333333333333334,3.8333333333333335,29.66666666666667,0.23,0.16666666666666666,0.0,0.16666666666666666,1.1666666666666667,0.3333333333333333,0.0,0.8333333333333334,0.16666666666666666,10.75
9192019,Washington,L 1 - 3,4,52.57142857142857,17.0,125.28571428571428,0.29728571428571426,49.42857142857143,6.142857142857142,6.7142857142857135,48.85714285714285,3.8571428571428568,0.42857142857142855,16.857142857142858,0.5714285714285714,67.57142857142857,10.714285714285714,4.142857142857143,30.42857142857143,0.2257142857142857,0.14285714285714285,0.0,0.14285714285714285,1.5714285714285714,0.2857142857142857,0.0,0.7142857142857143,0.14285714285714285,11.071428571428573
9212019,@ Washington,L 0 - 3,3,50.5,16.375,121.25,0.292375,47.375,5.625,6.625,47.375,4.25,0.5,14.75,0.5,64.0,10.375,4.125,29.125,0.2225,0.25,0.0,0.125,1.625,0.375,0.0,0.625,0.125,10.6875
9272019,Purdue,W 3 - 0,3,49.33333333333334,16.0,119.22222222222223,0.289,46.22222222222222,5.222222222222221,6.888888888888888,46.66666666666666,4.333333333333333,0.5555555555555556,14.666666666666664,0.6666666666666666,62.444444444444436,10.333333333333334,4.111111111111111,28.66666666666667,0.2244444444444444,0.3333333333333333,0.0,0.1111111111111111,1.5555555555555556,0.3333333333333333,0.0,0.5555555555555556,0.1111111111111111,10.611111111111109
9292019,Indiana,W 3 - 1,4,50.2,16.8,123.1,0.2816,47.1,5.8,6.9,50.4,4.2,0.6,14.4,0.6,63.8,10.7,4.0,29.1,0.2353,0.3,0.0,0.1,1.5,0.3,0.0,0.5,0.1,10.95
10022019,Penn St.,W 3 - 1,4,51.2,16.9,123.4,0.2882,48.1,6.1,7.0,51.8,3.9,0.7,14.4,0.6,65.2,12.1,4.0,30.4,0.27029999999999993,0.4,0.0,0.2,1.6,0.3,0.0,0.5,0.1,12.35
10052019,@ Nebraska,W 3 - 0,3,50.5,16.9,123.5,0.28079999999999994,47.8,5.9,7.0,52.1,3.9,0.8,14.4,0.6,64.4,11.9,4.3,30.7,0.2467,0.4,0.0,0.2,1.8,0.3,0.0,0.6,0.1,12.2
10092019,@ Northwestern,W 3 - 0,3,48.4,15.9,116.3,0.2911,46.1,6.0,6.6,49.8,3.8,0.8,12.8,0.6,61.6,11.6,3.7,29.0,0.2783999999999999,0.5,0.0,0.2,2.0,0.2,0.0,0.9,0.0,12.05
10132019,Minnesota,W 3 - 0,3,48.0,15.5,113.4,0.2966,45.3,6.1,6.4,49.4,3.3,0.8,10.8,0.7,60.3,10.9,3.4,26.3,0.2820999999999999,0.5,0.0,0.2,2.1,0.1,0.0,0.8,0.0,11.3
10182019,Illinois,W 3 - 2,5,49.3,15.6,119.4,0.29079999999999995,46.5,5.8,6.6,52.6,3.0,1.0,12.1,0.9,62.15,11.5,3.2,27.1,0.29989999999999994,0.4,0.0,0.1,2.6,0.1,0.0,1.0,0.0,12.0
10192019,Northwestern,W 3 - 0,3,48.7,16.0,120.1,0.2794,45.9,6.1,6.9,52.8,3.0,0.9,12.7,1.1,62.05,12.0,3.3,27.9,0.3053999999999999,0.4,0.0,0.1,2.7,0.1,0.0,1.0,0.0,12.5
10252019,@ Michigan St.,W 3 - 0,3,46.5,14.1,114.0,0.2891,43.8,6.2,7.1,50.0,2.7,0.9,12.3,1.3,59.75,11.9,3.1,27.0,0.3161999999999999,0.4,0.0,0.1,2.5,0.2,0.0,1.2,0.0,12.5
10272019,@ Michigan,W 3 - 1,4,48.0,13.8,116.0,0.3005,45.1,6.7,7.1,52.0,2.1,0.9,15.3,1.8,63.25,12.4,2.8,28.4,0.33149999999999985,0.3,0.0,0.1,2.3,0.1,0.0,1.8,0.1,13.3
10302019,Maryland,W 3 - 0,3,48.7,13.4,116.0,0.3112,45.8,7.1,7.3,52.7,2.0,0.9,14.7,1.9,64.05,11.9,2.6,27.4,0.32749999999999985,0.2,0.0,0.1,2.4,0.1,0.0,1.8,0.1,12.8
11032019,@ Indiana,W 3 - 0,3,47.1,11.9,110.0,0.3234,44.4,6.5,7.3,50.0,2.0,1.0,14.7,1.9,61.95,11.2,2.5,25.6,0.32749999999999985,0.2,0.0,0.1,2.6,0.1,0.0,1.9,0.1,12.15
11082019,@ Ohio St.,L 1 - 3,4,47.4,12.8,113.7,0.3126,44.9,6.1,7.5,51.7,2.8,1.0,14.7,1.9,61.85,10.4,2.7,26.0,0.29679999999999984,0.2,0.0,0.0,2.3,0.2,0.0,1.9,0.1,11.35
11092019,"Maryland @ College Park, Md.",W 3 - 0,3,47.6,12.9,113.2,0.3156,45.1,6.4,7.7,52.8,2.9,1.0,15.6,2.0,62.8,10.7,2.7,26.4,0.3035999999999998,0.2,0.1,0.0,2.5,0.2,0.0,1.9,0.2,11.75
11142019,@ Minnesota,W 3 - 1,4,51.2,13.9,123.6,0.3084000000000001,48.6,6.2,8.2,57.3,2.9,1.0,15.8,1.8,66.3,11.8,2.9,29.3,0.2953999999999998,0.1,0.1,0.1,3.0,0.2,0.0,1.7,0.2,12.75
11162019,Michigan St.,W 3 - 0,3,50.5,14.0,122.9,0.3027000000000001,48.2,5.8,8.6,55.8,3.0,1.0,17.0,1.8,65.8,11.8,3.1,29.9,0.28229999999999983,0.1,0.1,0.1,3.0,0.2,0.0,2.1,0.2,12.95
11222019,Iowa,W 3 - 0,3,50.2,13.7,118.4,0.3154000000000001,48.0,5.6,8.4,54.0,2.8,0.9,16.5,1.8,64.95,11.1,3.3,28.5,0.26609999999999984,0.1,0.1,0.1,2.6,0.2,0.1,1.7,0.3,12.15
11242019,Nebraska,W 3 - 0,3,51.6,13.5,119.8,0.3258000000000001,49.5,5.2,8.4,54.4,2.8,1.0,16.3,1.5,65.95,10.3,3.1,27.0,0.25999999999999984,0.1,0.1,0.1,2.4,0.2,0.1,1.7,0.3,11.35
11292019,@ Penn St.,L 2 - 3,5,53.5,15.0,125.3,0.3176000000000001,51.5,4.5,8.2,56.0,3.2,1.1,18.1,1.5,68.15,10.2,3.7,28.0,0.23199999999999985,0.1,0.1,0.1,2.3,0.2,0.1,1.7,0.3,11.25
11302019,@ Rutgers,W 3 - 0,3,52.1,14.9,121.9,0.3171000000000001,50.4,4.8,8.2,54.8,3.2,1.1,16.3,1.0,66.15,10.0,3.9,26.6,0.23669999999999985,0.1,0.1,0.1,2.6,0.2,0.1,1.2,0.2,10.8
12062019,Illinois St.,W 3 - 0,3,51.6,15.5,122.5,0.30500000000000016,50.0,4.6,7.4,54.6,3.0,1.1,17.5,0.8,66.05,10.2,4.0,27.1,0.23669999999999985,0.2,0.1,0.1,2.7,0.2,0.1,1.2,0.2,11.0
12072019,UCLA,W 3 - 0,3,52.0,15.5,122.8,0.3079000000000002,50.1,4.5,7.1,52.7,2.9,0.9,18.5,0.9,66.65,10.4,3.8,27.3,0.2562999999999998,0.2,0.1,0.1,2.4,0.2,0.1,1.1,0.2,11.15
12132019,Texas A&M,W 3 - 0,3,51.0,13.7,116.9,0.32710000000000017,49.2,4.5,6.9,49.0,2.1,0.9,18.3,1.0,65.55,10.1,3.2,25.9,0.2783999999999998,0.1,0.1,0.1,2.9,0.3,0.1,1.0,0.2,10.8
12142019,Nebraska,W 3 - 0,3,49.9,14.1,119.7,0.30590000000000017,47.9,4.4,6.7,50.3,2.1,1.0,18.6,0.9,64.6,9.7,3.4,25.8,0.2593999999999998,0.2,0.0,0.1,2.6,0.3,0.1,1.0,0.1,10.3
12192019,"Baylor @ Pittsburgh, PA",W 3 - 1,4,47.1,13.9,113.3,0.3013000000000001,45.0,5.0,6.1,48.9,2.1,1.1,19.3,0.9,62.85,8.5,3.7,24.7,0.22669999999999985,0.3,0.0,0.0,2.1,0.3,0.1,1.2,0.1,9.2
12212019,"Stanford @ Pittsburgh, PA",L 0 - 3,3,46.2,13.6,113.7,0.2952000000000001,44.1,5.0,6.2,49.1,2.1,1.1,17.9,1.1,61.25,8.3,3.7,25.5,0.2186999999999998,0.3,0.0,0.0,2.0,0.3,0.1,0.9,0.1,8.85
8242018,"North Carolina @ Minneapolis, MN",W 3 - 0,3,45.2,13.3,111.8,0.2962000000000001,42.7,4.8,6.4,47.5,2.3,1.0,16.9,1.0,59.45,8.5,3.8,25.1,0.23019999999999985,0.5,0.0,0.2,2.5,0.4,0.0,0.9,0.0,8.95
8252018,"Florida St. @ Minneapolis, MN",W 3 - 1,4,45.4,14.7,116.7,0.2798000000000001,42.4,5.2,6.8,49.5,2.7,0.9,17.7,0.9,60.35,9.1,4.6,28.2,0.20989999999999984,0.6,0.2,0.5,3.9,0.4,0.0,1.1,0.0,9.85
9012018,Texas,W 3 - 1,4,45.6,14.1,115.9,0.2865000000000001,42.6,5.5,7.2,49.9,2.2,0.7,16.9,0.7,60.25,9.9,3.9,28.1,0.2527999999999998,0.9,0.2,0.7,5.6,0.3,0.0,1.1,0.0,10.65
9022018,High Point,W 3 - 1,4,47.2,14.2,121.4,0.2826000000000001,44.4,4.9,7.3,51.0,2.8,0.7,18.9,0.8,62.25,8.8,3.6,26.1,0.21279999999999985,0.9,0.2,0.7,5.3,0.3,0.0,1.0,0.0,9.5
9072018,@ Baylor,L 1 - 3,4,48.9,14.4,124.8,0.2872000000000001,46.3,5.0,7.5,52.5,3.1,0.8,18.5,0.8,63.95,9.3,4.1,28.0,0.20309999999999984,1.1,0.5,0.8,6.1,0.5,0.0,1.1,0.0,10.35
9092018,@ North Texas,W 3 - 0,3,48.4,14.5,123.9,0.2843000000000001,45.9,5.8,7.7,51.4,3.3,0.8,17.8,0.9,63.9,9.5,4.2,28.5,0.19569999999999985,1.1,0.6,1.0,6.5,0.5,0.0,1.2,0.0,10.7
9142018,@ Marquette,W 3 - 0,3,47.7,14.5,123.8,0.2779000000000001,45.0,5.7,7.6,52.0,3.3,0.8,17.8,1.0,63.1,9.4,4.5,28.3,0.18179999999999988,1.3,0.7,1.1,6.8,0.3,0.0,1.5,0.1,10.85
9152018,"Illinois St. @ Milwaukee, Wis.",W 3 - 1,4,48.9,14.4,123.9,0.2881000000000001,46.3,5.6,8.0,51.2,3.3,0.8,18.4,1.2,64.5,9.4,4.4,28.1,0.18609999999999988,1.4,0.7,1.4,7.3,0.4,0.0,1.5,0.1,10.85
9192018,Ohio St.,W 3 - 0,3,47.5,13.6,121.6,0.2883000000000001,44.9,5.7,7.7,49.7,3.1,0.8,16.9,1.5,62.45,9.4,4.1,27.9,0.19569999999999987,1.3,0.7,1.6,7.8,0.4,0.0,1.4,0.1,10.8
9222018,Rutgers,W 3 - 0,3,48.8,12.6,119.2,0.3186000000000001,46.2,6.1,7.2,50.0,3.0,0.9,18.4,1.5,65.0,8.9,3.6,24.6,0.19569999999999987,1.3,0.7,1.6,7.7,0.4,0.0,1.3,0.1,10.25
9262018,@ Minnesota,L 0 - 3,3,48.7,13.3,122.3,0.2998000000000001,46.5,6.1,7.2,50.9,3.3,0.9,18.2,1.4,64.8,8.8,3.6,25.0,0.1841999999999999,1.1,0.8,1.4,7.5,0.6,0.0,1.6,0.1,10.4
9292018,@ Purdue,W 3 - 0,3,47.6,12.7,116.1,0.3047000000000001,45.7,5.9,6.3,48.1,3.4,0.8,17.4,1.4,63.0,7.5,2.6,20.1,0.1781999999999999,1.2,0.6,1.1,6.4,0.6,0.0,1.3,0.1,8.75
10032018,@ Illinois,W 3 - 1,4,47.2,12.2,114.7,0.3085000000000001,45.3,5.9,6.3,46.8,4.0,0.8,17.2,1.4,62.5,5.9,3.0,19.5,0.11869999999999988,1.3,0.6,1.0,5.1,0.6,0.0,1.1,0.1,7.05
10062018,@ Iowa,L 2 - 3,5,49.1,13.2,119.7,0.3045000000000001,47.2,6.1,6.7,48.0,3.9,0.8,16.3,1.4,64.15,7.8,3.8,24.5,0.14069999999999988,1.3,0.7,1.2,5.8,0.8,0.0,1.3,0.1,9.15
10122018,Northwestern,W 3 - 0,3,47.8,12.1,115.3,0.3155000000000001,45.8,6.4,6.7,47.2,3.4,0.7,16.1,1.4,62.95,8.1,3.3,24.0,0.16569999999999988,1.1,0.4,1.1,5.1,0.6,0.0,1.2,0.1,9.1
10132018,Illinois,L 1 - 3,4,50.0,13.7,123.7,0.3028000000000001,48.0,5.4,6.8,51.6,3.8,0.9,16.8,1.4,64.7,8.0,3.9,25.2,0.12899999999999984,1.5,0.3,1.1,5.7,0.7,0.0,1.3,0.1,8.95
10192018,Nebraska,W 3 - 2,5,50.9,16.0,131.0,0.2812000000000001,49.0,5.8,7.1,56.1,4.2,0.8,17.9,1.3,66.45,7.7,3.8,24.8,0.12399999999999987,1.5,0.2,1.3,6.6,0.7,0.0,1.1,0.0,8.45
10212018,Iowa,W 3 - 0,3,51.2,15.5,129.6,0.2921,49.4,5.9,6.7,55.9,4.4,0.7,16.9,1.2,66.25,7.9,3.4,24.6,0.1481999999999999,1.4,0.2,1.1,7.0,0.7,0.0,1.1,0.0,8.65
10262018,@ Michigan,W 3 - 2,5,53.3,16.9,135.3,0.28700000000000003,51.2,5.2,6.8,58.8,4.8,1.0,17.5,1.1,68.25,8.3,4.3,26.2,0.13359999999999989,1.5,0.4,0.9,7.4,0.9,0.0,1.0,0.0,9.2
10272018,@ Michigan St.,W 3 - 0,3,53.0,17.7,135.6,0.2734,50.8,4.8,7.3,58.8,5.1,0.9,16.4,0.8,66.9,9.4,4.5,28.8,0.1681999999999999,1.5,0.4,1.1,8.1,0.9,0.0,1.1,0.0,10.35
10312018,Minnesota,L 1 - 3,4,55.1,17.7,140.3,0.2798,53.0,4.5,7.2,61.8,4.7,1.0,17.0,1.0,69.1,9.7,4.3,30.0,0.1746999999999999,1.5,0.3,1.3,9.3,0.6,0.0,1.0,0.0,10.5
11042018,Michigan,L 1 - 3,4,56.3,18.0,144.7,0.2794,54.3,4.2,7.9,64.1,4.7,1.1,18.6,1.1,70.9,10.6,4.7,32.8,0.1918999999999999,1.4,0.3,1.3,10.4,0.7,0.0,1.0,0.0,11.4
11092018,Purdue,W 3 - 2,5,56.9,18.9,148.5,0.2703,54.6,4.0,7.9,65.2,4.2,1.3,18.6,1.2,71.5,11.5,4.5,34.0,0.2227999999999999,1.0,0.3,1.3,10.3,0.7,0.0,1.1,0.0,12.35
11102018,Indiana,W 3 - 0,3,54.1,18.2,141.0,0.2709,51.7,3.7,7.5,63.9,3.7,1.2,17.3,1.1,67.65,10.5,3.9,31.2,0.23259999999999986,1.1,0.3,1.1,10.2,0.5,0.0,1.0,0.0,11.3
11162018,@ Ohio St.,W 3 - 0,3,54.6,18.6,140.6,0.27369999999999994,52.1,3.1,7.4,63.3,4.1,1.2,16.5,1.3,67.15,9.8,3.9,30.2,0.2180999999999999,1.0,0.3,1.1,10.3,0.6,0.1,1.1,0.0,10.75
11172018,@ Maryland,W 3 - 0,3,53.3,17.7,136.0,0.2781,50.9,3.2,7.6,62.4,3.7,1.1,16.3,1.1,65.75,9.8,3.5,29.8,0.2325999999999999,0.7,0.5,1.0,10.7,0.5,0.1,1.2,0.0,11.0
11232018,@ Rutgers,W 3 - 0,3,51.9,15.7,127.0,0.2969,49.3,3.4,7.3,56.4,3.1,1.3,15.6,1.1,64.4,9.9,3.6,29.9,0.2315,0.6,0.7,0.7,9.2,0.5,0.1,1.3,0.0,11.35
11242018,@ Penn St.,W 3 - 2,5,53.7,17.8,134.6,0.2789,51.0,3.4,7.4,59.0,3.3,1.2,16.8,1.2,66.7,9.9,4.1,31.2,0.2058,0.8,0.8,0.7,9.3,0.4,0.1,1.5,0.0,11.55
11292018,Green Bay,W 3 - 0,3,52.1,16.2,130.4,0.2864,49.7,3.2,7.3,57.6,3.1,1.1,16.6,1.1,64.7,9.6,3.1,29.3,0.2286,0.9,0.6,0.7,9.2,0.3,0.1,1.7,0.0,11.15
11302018,Pepperdine,W 3 - 1,4,53.8,16.3,134.6,0.2883,51.3,2.9,6.7,61.1,3.0,1.2,17.2,1.2,66.5,9.7,3.0,29.5,0.2332999999999999,1.2,0.6,0.5,10.0,0.5,0.1,1.6,0.0,11.2
12072018,"San Diego @ Champaign, Ill.",W 3 - 0,3,51.6,15.4,125.3,0.31020000000000003,49.1,3.5,6.3,56.6,3.1,1.4,18.2,1.1,65.6,9.3,3.0,27.2,0.263,1.2,0.8,0.4,9.2,0.5,0.1,1.8,0.0,11.1
12082018,@ Illinois,L 1 - 3,4,52.1,14.6,123.5,0.32260000000000005,49.5,3.4,6.2,56.1,3.1,1.5,17.0,1.1,65.5,9.0,2.8,26.5,0.2639999999999999,1.2,0.9,0.5,8.6,0.6,0.2,2.0,0.0,11.1
8252017,Louisville,W 3 - 0,3,49.9,13.3,116.2,0.3311000000000001,47.6,3.3,6.3,53.3,3.0,1.5,16.6,1.3,63.0,8.8,3.1,20.7,0.2784000000000001,0.2,0.5,1.6,3.3,0.0,0.1,2.9,0.2,10.85
8262017,North Carolina,W 3 - 0,3,50.6,13.7,115.0,0.33780000000000004,48.3,3.3,6.5,52.3,3.3,1.6,16.8,1.4,63.9,8.9,3.2,20.7,0.2784000000000001,0.2,0.5,1.4,3.0,0.0,0.1,2.9,0.2,10.95
9012017,"Arkansas @ Manhattan, Kan.",W 3 - 0,3,49.9,13.7,113.7,0.3361000000000001,47.7,3.2,6.9,50.7,3.1,1.7,17.8,1.3,63.7,9.1,3.2,20.9,0.2846000000000001,0.1,0.4,1.3,2.8,0.0,0.1,3.0,0.2,11.1
9012017,"Syracuse @ Manhattan, Kan.",W 3 - 0,3,49.5,13.1,108.5,0.3556,47.0,3.9,7.1,47.4,2.8,1.6,16.6,1.5,63.3,8.4,2.8,19.0,0.3263000000000001,0.1,0.5,1.2,2.6,0.0,0.1,2.5,0.2,10.25
9022017,@ Kansas St.,W 3 - 0,3,50.9,12.7,110.0,0.3690000000000001,48.4,3.2,7.6,47.6,2.9,1.4,16.8,1.5,63.9,9.1,2.9,20.0,0.3390000000000002,0.1,0.4,1.2,2.6,0.0,0.1,3.2,0.1,11.2
9072017,Lipscomb,W 3 - 0,3,47.8,11.3,102.2,0.3694000000000001,45.5,2.9,7.5,44.6,2.7,1.4,17.4,1.4,60.8,6.9,2.1,16.3,0.3208000000000002,0.1,0.4,0.9,2.5,0.0,0.1,3.5,0.0,9.15
9092017,Texas A&M,W 3 - 0,3,47.4,11.5,100.0,0.3698,45.1,3.1,7.6,42.1,2.5,1.3,17.6,1.5,60.6,6.7,2.0,15.5,0.3249000000000002,0.1,0.4,0.7,2.6,0.0,0.1,3.6,0.0,9.0
9142017,Marquette,W 3 - 1,4,46.6,12.0,99.3,0.3614000000000001,44.4,3.4,8.1,40.4,2.6,1.3,18.4,1.5,60.5,7.1,2.1,15.7,0.3358000000000002,0.1,0.4,0.7,2.6,0.0,0.0,3.8,0.0,9.4
9162017,Southern Miss.,W 3 - 0,3,46.8,12.1,100.3,0.35600000000000004,44.5,3.2,7.9,41.7,2.3,1.2,17.6,1.5,60.0,7.2,2.1,15.4,0.3672000000000002,0.1,0.3,0.7,2.5,0.0,0.0,3.4,0.1,9.2
9222017,Michigan St.,L 2 - 3,5,46.6,12.9,104.5,0.3424,44.4,3.6,7.7,44.3,2.2,1.2,17.8,1.7,60.3,6.6,2.4,15.1,0.32410000000000017,0.1,0.3,0.6,2.3,0.0,0.0,3.4,0.2,8.6
9242017,Michigan,W 3 - 0,3,46.8,12.9,104.0,0.3463,44.8,4.1,7.5,44.3,2.3,1.0,19.2,1.4,61.5,6.7,2.5,15.0,0.3258000000000002,0.1,0.3,0.5,2.2,0.0,0.0,3.7,0.2,8.85
9292017,@ Iowa,W 3 - 0,3,46.1,11.8,104.0,0.35040000000000004,43.9,4.0,8.0,43.3,2.2,0.9,19.8,1.4,60.9,6.7,2.2,14.9,0.3444000000000001,0.2,0.4,0.6,2.2,0.0,0.0,3.7,0.2,8.95
9302017,@ Nebraska,L 2 - 3,5,47.6,13.3,113.3,0.32830000000000004,45.2,4.5,8.6,47.0,2.3,0.9,20.0,1.6,63.0,5.7,2.3,15.4,0.2824000000000001,0.2,0.7,0.8,1.9,0.0,0.0,3.9,0.2,8.35
10042017,Minnesota,L 2 - 3,5,49.6,14.7,123.4,0.3063000000000001,47.5,3.7,8.3,51.9,2.6,1.1,21.2,1.7,65.0,5.7,2.5,16.6,0.22740000000000016,0.2,0.6,0.9,2.0,0.0,0.1,4.4,0.4,8.6
10072017,@ Michigan St.,L 1 - 3,4,49.9,15.6,126.2,0.2922000000000001,47.8,3.8,7.9,53.7,3.2,1.2,19.6,2.0,64.7,5.0,2.6,15.3,0.2039000000000002,0.2,0.7,0.8,2.2,0.0,0.1,3.6,0.4,7.6
10112017,Nebraska,W 3 - 1,4,51.0,15.5,127.8,0.29890000000000005,48.9,3.8,8.7,54.9,3.2,1.4,18.6,2.0,65.5,6.1,2.9,17.9,0.2153000000000002,0.2,0.7,1.0,2.1,0.0,0.1,3.5,0.4,8.65
10132017,Indiana,W 3 - 0,3,51.3,15.5,125.5,0.31150000000000005,49.3,3.9,8.8,53.7,3.4,1.3,17.8,1.9,65.4,5.9,2.9,17.3,0.2065000000000002,0.2,0.8,1.0,1.9,0.0,0.1,3.1,0.5,8.35
10182017,@ Maryland,W 3 - 0,3,50.8,14.7,121.9,0.3250000000000001,48.9,3.7,9.1,51.8,3.5,1.2,16.6,1.9,64.0,5.5,2.3,15.7,0.2573000000000002,0.3,0.9,1.2,1.7,0.0,0.1,2.9,0.5,7.95
10212017,@ Minnesota,L 1 - 3,4,52.7,16.8,131.8,0.2978000000000001,51.0,3.5,9.6,55.3,3.7,1.2,16.6,2.0,65.7,6.0,3.1,19.1,0.19080000000000025,0.3,0.9,1.3,1.9,0.0,0.1,3.3,0.4,8.65
10252017,@ Penn St.,L 1 - 3,4,52.2,16.8,129.0,0.2983000000000001,50.3,3.1,10.4,53.6,3.5,1.0,16.6,2.0,64.6,6.5,2.9,18.9,0.2301000000000002,0.3,0.9,1.3,1.9,0.0,0.1,3.0,0.3,9.0
10282017,Northwestern,W 3 - 0,3,52.4,16.7,129.1,0.30110000000000003,50.5,2.8,10.3,55.0,3.5,1.1,16.4,2.2,64.5,6.9,2.9,19.3,0.2482000000000002,0.4,1.0,1.5,2.2,0.0,0.1,2.8,0.3,9.4
11032017,Ohio St.,L 2 - 3,5,54.8,18.6,136.6,0.28650000000000003,52.9,3.3,9.7,59.5,3.3,1.2,15.8,2.2,67.2,7.2,3.0,19.9,0.2477000000000002,0.3,0.9,1.5,2.7,0.0,0.1,2.7,0.3,9.55
11042017,Maryland,W 3 - 1,4,54.3,17.6,130.8,0.3004000000000001,52.5,3.3,8.9,58.8,3.2,1.0,16.2,2.0,66.7,8.2,2.7,19.8,0.30920000000000025,0.3,0.8,1.2,3.1,0.0,0.1,2.7,0.3,10.45
11102017,@ Indiana,W 3 - 0,3,52.5,16.1,121.4,0.32220000000000004,50.6,3.6,8.8,54.8,3.0,1.1,15.2,1.7,64.8,8.3,2.6,18.8,0.34920000000000023,0.4,0.8,1.2,3.0,0.0,0.0,2.6,0.1,10.4
11112017,@ Purdue,L 0 - 3,3,50.4,15.8,118.8,0.31210000000000004,48.8,3.8,9.0,53.1,2.6,1.0,15.4,1.3,62.9,8.5,2.3,18.9,0.39280000000000015,0.4,0.8,1.2,3.1,0.0,0.0,2.7,0.1,10.65
11172017,@ Illinois,W 3 - 1,4,51.8,16.7,120.4,0.3123,50.2,3.9,8.7,53.1,2.3,0.9,14.4,1.3,63.8,8.2,2.1,17.8,0.4028000000000002,0.4,0.9,1.1,3.3,0.0,0.1,2.4,0.1,10.4
11192017,@ Northwestern,W 3 - 0,3,51.9,16.8,122.2,0.3044,50.0,3.7,8.8,54.7,2.2,0.9,15.6,1.2,64.3,8.4,2.0,18.1,0.42850000000000027,0.4,0.9,1.2,3.3,0.0,0.1,2.7,0.0,10.75
11242017,Penn St.,L 1 - 3,4,52.4,18.6,127.1,0.2813,50.6,3.7,8.2,55.7,2.2,0.9,15.8,1.1,64.9,8.4,2.5,19.6,0.36650000000000027,0.4,0.8,1.1,3.5,0.0,0.1,2.7,0.0,10.65
11252017,Rutgers,W 3 - 0,3,50.5,17.0,117.4,0.30089999999999995,48.7,4.2,8.1,52.3,2.0,0.9,15.4,1.0,63.3,8.2,1.9,16.8,0.4078000000000002,0.4,0.9,1.0,3.2,0.0,0.1,2.4,0.0,10.4
12012017,"Marquette @ Ames, Iowa",W 3 - 0,3,49.9,16.0,112.8,0.3139,48.1,4.2,6.9,50.5,2.1,1.0,14.2,0.7,62.2,7.8,2.0,16.6,0.3776000000000002,0.3,0.8,1.1,2.9,0.0,0.1,2.6,0.0,10.0
12022017,@ Iowa St.,W 3 - 0,3,50.4,16.3,115.5,0.3069,48.3,4.3,6.7,50.9,2.1,1.0,12.8,0.6,62.1,7.2,1.9,16.2,0.3518000000000002,0.2,0.8,0.9,2.4,0.0,0.1,2.1,0.0,9.15
12082017,@ Stanford,L 1 - 3,4,49.1,15.5,110.7,0.3128,46.7,4.0,7.2,46.5,2.5,0.9,12.2,0.6,60.1,6.6,1.8,14.7,0.3545000000000002,0.2,0.8,1.2,2.1,0.0,0.1,2.1,0.0,8.55
8262016,@ Hawaii,W 3 - 1,4,50.1,16.1,115.2,0.30600000000000005,47.7,3.8,8.0,47.6,2.5,0.9,11.6,0.4,60.6,1.9,0.6,4.7,0.0276999999999998,0.1,0.0,0.3,1.6,0.1,0.0,0.1,0.0,1.95
8272016,@ Arizona,W 3 - 0,3,49.7,17.5,119.5,0.27690000000000003,47.2,3.7,8.1,49.4,2.3,0.9,12.0,0.4,60.3,2.8,1.7,8.0,0.0215999999999998,0.2,0.0,0.3,2.3,0.1,0.0,0.2,0.0,2.9
8282016,"Kansas St. @ Honolulu, HI",W 3 - 0,3,51.3,17.1,119.6,0.2960000000000001,48.3,3.6,7.9,50.7,2.2,1.0,12.6,0.5,62.2,4.2,1.7,10.3,0.0824999999999998,0.3,0.0,0.3,2.7,0.2,0.0,0.4,0.1,4.4
9022016,San Diego,W 3 - 0,3,48.8,16.1,115.9,0.2922000000000001,45.5,3.5,7.3,49.4,2.4,1.1,13.9,0.4,60.35,5.0,2.4,13.0,0.0861999999999998,0.3,0.0,0.3,3.4,0.2,0.0,0.9,0.1,5.45
9042016,A&M-Corpus Christi,W 3 - 0,3,48.9,15.4,115.3,0.3034000000000001,45.5,3.6,7.0,49.5,2.2,1.2,13.7,0.5,60.55,5.7,2.6,14.7,0.1155999999999998,0.5,0.0,0.3,4.3,0.2,0.0,1.0,0.1,6.2
9092016,@ North Carolina,L 2 - 3,5,49.8,15.8,120.8,0.3015000000000001,46.2,3.7,6.9,53.1,1.9,1.3,14.7,0.6,62.15,6.9,3.4,19.9,0.12329999999999977,0.8,0.1,0.3,5.8,0.2,0.0,1.3,0.1,7.65
9102016,"Louisville @ Chapel Hill, N.C.",W 3 - 0,3,49.6,16.9,124.0,0.2785000000000001,46.0,3.0,6.7,55.4,2.0,1.2,16.0,0.6,61.8,6.9,3.4,19.9,0.12329999999999977,0.8,0.1,0.3,5.8,0.2,0.0,1.3,0.1,7.65
9162016,@ Texas A&M,W 3 - 0,3,49.4,16.8,124.4,0.2763000000000001,46.2,3.1,7.0,55.0,1.8,1.4,17.0,0.7,62.4,9.6,3.6,23.8,0.1873999999999998,0.8,0.1,0.5,6.2,0.2,0.0,1.3,0.1,10.35
9182016,@ Texas,W 3 - 2,5,50.6,18.1,129.2,0.2666000000000001,47.5,3.6,8.1,56.0,2.1,1.4,18.8,0.9,65.0,11.6,4.5,29.2,0.20779999999999985,1.0,0.5,0.8,7.6,0.3,0.0,1.5,0.1,12.85
9232016,Ohio St.,W 3 - 0,3,48.8,17.3,125.5,0.2684000000000001,46.2,3.9,7.1,57.6,1.8,1.6,20.8,1.0,64.7,12.2,4.7,31.2,0.22779999999999986,1.5,0.6,1.0,8.5,0.4,0.0,1.7,0.2,13.65
9242016,Maryland,W 3 - 0,3,46.3,16.8,119.0,0.2656000000000001,43.8,4.0,6.1,54.8,1.7,1.7,20.8,1.0,62.4,11.1,4.5,29.0,0.21609999999999985,1.7,0.6,0.8,7.8,0.3,0.0,1.9,0.2,12.65
9302016,@ Purdue,W 3 - 2,5,48.1,16.9,120.3,0.2762000000000001,45.6,4.0,6.8,54.3,2.0,1.6,20.8,1.0,64.1,11.5,4.3,29.2,0.2335999999999998,1.6,0.8,0.8,8.0,0.3,0.1,1.8,0.2,13.3
10012016,@ Indiana,W 3 - 0,3,47.0,16.8,116.9,0.2806,44.7,4.3,6.6,52.1,2.0,1.6,20.4,0.9,63.1,10.8,4.4,28.2,0.21889999999999984,1.8,1.0,0.9,7.9,0.2,0.1,1.7,0.1,12.75
10052016,@ Rutgers,W 3 - 0,3,47.4,16.3,114.7,0.29850000000000004,44.9,5.2,6.2,51.3,1.9,1.4,18.9,0.9,63.45,11.1,4.2,27.7,0.24249999999999985,2.0,1.1,0.9,8.1,0.3,0.1,1.3,0.1,12.95
10082016,Illinois,W 3 - 1,4,48.9,17.2,120.0,0.2858,46.7,5.9,7.2,53.6,1.9,1.2,18.3,1.2,65.15,11.0,4.4,29.0,0.21979999999999986,2.0,1.1,1.2,8.0,0.3,0.1,1.3,0.1,12.85
10122016,Minnesota,L 0 - 3,3,46.2,16.7,110.7,0.27690000000000003,44.3,5.7,6.9,48.2,1.8,1.1,16.5,1.2,61.25,10.1,4.2,25.4,0.19329999999999986,2.0,1.0,1.2,7.1,0.3,0.1,1.0,0.1,11.7
10152016,@ Michigan,W 3 - 2,5,48.5,16.3,115.1,0.29000000000000004,46.2,6.2,7.6,47.8,2.3,1.1,15.4,1.3,63.5,11.4,4.7,28.5,0.21909999999999985,2.7,1.0,1.5,7.7,0.3,0.1,1.2,0.1,13.1
10212016,@ Nebraska,L 0 - 3,3,47.7,16.9,115.5,0.27640000000000003,44.8,6.2,7.8,47.1,2.4,1.0,14.5,1.4,62.15,9.3,5.0,26.9,0.15929999999999986,2.9,1.1,1.4,7.7,0.4,0.1,1.4,0.1,11.2
10222016,@ Iowa,W 3 - 0,3,45.8,14.9,109.9,0.2883,43.0,6.1,6.8,45.5,2.3,1.0,12.9,1.2,59.35,8.6,4.3,24.4,0.17679999999999987,2.8,0.7,1.2,6.8,0.4,0.1,1.4,0.2,10.1
10282016,Penn St.,W 3 - 1,4,48.8,16.0,115.7,0.2881,46.0,5.9,7.4,47.6,2.6,0.8,11.9,1.1,61.45,9.6,4.9,25.9,0.17969999999999986,2.7,0.7,1.1,6.8,0.8,0.1,1.4,0.2,11.1
10302016,Rutgers,W 3 - 0,3,51.0,16.9,119.1,0.2919,48.1,5.8,7.5,50.0,2.5,0.7,10.7,1.3,62.85,8.8,4.5,23.4,0.16369999999999987,2.4,0.7,1.0,5.9,0.8,0.1,1.1,0.2,10.15
11022016,@ Ohio St.,W 3 - 0,3,49.0,15.5,115.1,0.2964,46.2,5.7,7.2,48.5,2.6,0.6,10.5,1.4,60.55,7.5,3.6,19.9,0.15229999999999985,2.4,0.5,1.0,5.0,0.8,0.0,1.1,0.2,8.55
11052016,Purdue,W 3 - 2,5,51.8,17.3,127.2,0.27440000000000003,49.0,5.3,8.0,52.6,2.4,0.9,10.7,1.4,63.35,9.2,4.4,23.3,0.13799999999999985,2.2,0.3,1.2,5.8,0.8,0.0,1.0,0.2,10.0
11112016,@ Illinois,W 3 - 0,3,52.0,18.1,130.2,0.25730000000000003,49.5,4.5,8.8,54.6,2.4,1.0,11.3,1.5,63.15,9.0,4.4,23.8,0.12549999999999986,2.2,0.2,1.3,6.0,0.7,0.0,1.0,0.2,9.7
11122016,@ Northwestern,W 3 - 2,5,52.5,19.3,134.3,0.24610000000000004,49.8,4.1,7.7,57.3,2.5,1.2,10.9,1.1,63.25,10.0,4.8,25.8,0.13479999999999984,2.0,0.4,1.2,6.4,0.7,0.0,1.1,0.2,10.95
11182016,Michigan,W 3 - 1,4,56.3,18.3,139.6,0.2755,53.2,4.1,8.2,61.3,2.5,1.3,12.7,1.3,68.05,11.9,4.5,28.6,0.19679999999999984,1.8,0.4,1.2,7.1,0.8,0.0,1.4,0.2,13.0
11192016,Michigan St.,W 3 - 0,3,54.8,18.5,136.5,0.26890000000000003,52.0,3.7,7.6,60.9,2.3,1.2,12.9,1.1,66.15,12.0,4.5,28.6,0.19999999999999987,1.2,0.5,1.0,7.2,0.9,0.0,1.3,0.2,13.15
11232016,Iowa,W 3 - 1,4,57.1,17.9,137.6,0.2908000000000001,54.5,3.8,7.4,63.1,2.3,1.2,14.8,1.2,69.5,12.7,4.2,29.0,0.23639999999999986,1.0,0.4,1.0,8.0,0.9,0.0,1.4,0.3,13.8
11262016,@ Minnesota,L 2 - 3,5,59.6,19.3,144.6,0.2838000000000001,56.9,3.2,8.0,65.8,2.1,1.2,15.0,1.4,71.5,13.1,4.5,30.6,0.22519999999999984,0.9,0.4,1.0,9.2,0.9,0.0,1.4,0.2,14.2
12012016,Howard,W 3 - 0,3,58.0,18.6,139.8,0.2909000000000001,55.2,3.0,7.4,63.4,1.6,1.2,15.0,1.3,69.7,13.1,3.9,29.9,0.25229999999999986,0.5,0.3,1.0,9.0,0.4,0.0,1.3,0.1,14.05
12022016,Washington St.,W 3 - 0,3,56.1,17.6,137.6,0.2882000000000001,53.1,2.9,7.6,60.9,1.7,1.3,17.0,1.1,68.8,13.7,4.4,32.3,0.25649999999999984,0.5,0.4,1.1,9.4,0.4,0.0,1.5,0.1,14.85
12092016,Ohio St.,W 3 - 2,5,58.8,19.4,145.3,0.2800000000000001,55.7,3.2,7.3,64.5,1.6,1.5,18.0,1.0,72.5,15.9,5.0,38.1,0.28409999999999985,0.5,0.6,1.2,10.8,0.6,0.0,1.7,0.1,17.35
12102016,Stanford,L 2 - 3,5,59.0,19.5,143.0,0.2835000000000001,55.7,3.6,6.7,64.8,2.1,1.2,18.4,1.1,73.0,14.3,4.5,36.7,0.2642999999999999,0.8,0.6,0.9,11.2,0.8,0.0,1.8,0.2,15.8
