Date,Opponent,Result,S,Kills,Errors,Total Attacks,Hit Pct,Assists,Aces,SErr,Digs,RErr,Block Solos,Block Assists,BErr,PTS,Player 0 Kills,Player 0 Errors,Player 0 Total Attacks,Player 0 Hit Pct,Player 0 Assists,Player 0 Aces,Player 0 SErr,Player 0 Digs,Player 0 RErr,Player 0 Block Solos,Player 0 Block Assists,Player 0 BErr,Player 0 PTS,Player 1 Kills,Player 1 Errors,Player 1 Total Attacks,Player 1 Hit Pct,Player 1 Assists,Player 1 Aces,Player 1 SErr,Player 1 Digs,Player 1 RErr,Player 1 Block Solos,Player 1 Block Assists,Player 1 BErr,Player 1 PTS,Player 2 Kills,Player 2 Errors,Player 2 Total Attacks,Player 2 Hit Pct,Player 2 Assists,Player 2 Aces,Player 2 SErr,Player 2 Digs,Player 2 RErr,Player 2 Block Solos,Player 2 Block Assists,Player 2 BErr,Player 2 PTS,Player 3 Kills,Player 3 Errors,Player 3 Total Attacks,Player 3 Hit Pct,Player 3 Assists,Player 3 Aces,Player 3 SErr,Player 3 Digs,Player 3 RErr,Player 3 Block Solos,Player 3 Block Assists,Player 3 BErr,Player 3 PTS,Player 4 Kills,Player 4 Errors,Player 4 Total Attacks,Player 4 Hit Pct,Player 4 Assists,Player 4 Aces,Player 4 SErr,Player 4 Digs,Player 4 RErr,Player 4 Block Solos,Player 4 Block Assists,Player 4 BErr,Player 4 PTS,Player 5 Kills,Player 5 Errors,Player 5 Total Attacks,Player 5 Hit Pct,Player 5 Assists,Player 5 Aces,Player 5 SErr,Player 5 Digs,Player 5 RErr,Player 5 Block Solos,Player 5 Block Assists,Player 5 BErr,Player 5 PTS,Player 6 Kills,Player 6 Errors,Player 6 Total Attacks,Player 6 Hit Pct,Player 6 Assists,Player 6 Aces,Player 6 SErr,Player 6 Digs,Player 6 RErr,Player 6 Block Solos,Player 6 Block Assists,Player 6 BErr,Player 6 PTS,Player 7 Kills,Player 7 Errors,Player 7 Total Attacks,Player 7 Hit Pct,Player 7 Assists,Player 7 Aces,Player 7 SErr,Player 7 Digs,Player 7 RErr,Player 7 Block Solos,Player 7 Block Assists,Player 7 BErr,Player 7 PTS,Player 8 Kills,Player 8 Errors,Player 8 Total Attacks,Player 8 Hit Pct,Player 8 Assists,Player 8 Aces,Player 8 SErr,Player 8 Digs,Player 8 RErr,Player 8 Block Solos,Player 8 Block Assists,Player 8 BErr,Player 8 PTS,Player 9 Kills,Player 9 Errors,Player 9 Total Attacks,Player 9 Hit Pct,Player 9 Assists,Player 9 Aces,Player 9 SErr,Player 9 Digs,Player 9 RErr,Player 9 Block Solos,Player 9 Block Assists,Player 9 BErr,Player 9 PTS,Player 10 Kills,Player 10 Errors,Player 10 Total Attacks,Player 10 Hit Pct,Player 10 Assists,Player 10 Aces,Player 10 SErr,Player 10 Digs,Player 10 RErr,Player 10 Block Solos,Player 10 Block Assists,Player 10 BErr,Player 10 PTS,Player 11 Kills,Player 11 Errors,Player 11 Total Attacks,Player 11 Hit Pct,Player 11 Assists,Player 11 Aces,Player 11 SErr,Player 11 Digs,Player 11 RErr,Player 11 Block Solos,Player 11 Block Assists,Player 11 BErr,Player 11 PTS
8302019,@ Georgia Tech,L 1 - 3,4,62.0,31.0,162.0,0.191,62.0,7.0,7.0,53.0,5.0,0.0,22.0,2.0,80.0,0.0,0.0,0.0,0.0,1.0,0.0,1.0,6.0,2.0,0.0,0.0,0.0,0.0,0.0,0.0,0.0,0.0,3.0,0.0,0.0,4.0,0.0,0.0,0.0,0.0,0.0,0.0,0.0,1.0,0.0,0.0,0.0,1.0,4.0,0.0,0.0,0.0,0.0,0.0,4.0,0.0,11.0,0.364,52.0,2.0,0.0,8.0,0.0,0.0,3.0,0.0,7.5,0.0,0.0,0.0,0.0,0.0,0.0,0.0,0.0,0.0,0.0,0.0,0.0,0.0,0.0,0.0,0.0,0.0,1.0,0.0,1.0,2.0,1.0,0.0,0.0,0.0,0.0,5.0,5.0,15.0,0.0,0.0,0.0,0.0,0.0,0.0,0.0,5.0,0.0,7.5,0.0,0.0,0.0,0.0,0.0,0.0,0.0,0.0,0.0,0.0,0.0,0.0,0.0,0.0,0.0,0.0,0.0,0.0,0.0,0.0,0.0,0.0,0.0,0.0,0.0,0.0,0.0,0.0,0.0,0.0,0.0,0.0,0.0,0.0,0.0,0.0,0.0,0.0,0.0,0.0,0.0,0.0,0.0,0.0,0.0,0.0,0.0,0.0,0.0,0.0,0.0,0.0,0.0,0.0,0.0,0.0,0.0,0.0,0.0,0.0,0.0,0.0,0.0,0.0,0.0
8312019,"UNC Asheville @ Atlanta, GA",W 3 - 2,5,67.5,26.5,173.5,0.2335,66.0,7.5,9.5,63.0,3.5,0.5,19.0,3.0,85.0,0.0,0.0,0.0,0.0,1.0,0.0,0.5,6.5,1.0,0.0,0.0,0.0,0.0,0.0,0.0,0.0,0.0,3.0,1.0,0.0,9.0,0.0,0.0,0.0,0.0,1.0,0.0,0.0,0.5,0.0,0.0,0.0,1.5,6.5,0.0,0.0,0.0,0.0,0.0,2.0,0.0,6.0,0.182,32.5,1.0,0.5,5.0,0.0,0.0,1.5,0.0,3.75,0.5,0.5,4.5,0.0,23.0,1.0,0.5,5.0,0.0,0.5,0.0,0.0,2.0,0.0,0.0,0.0,0.0,0.5,0.0,0.5,1.0,0.5,0.0,0.0,0.0,0.0,5.5,3.0,16.5,0.139,0.0,0.0,0.0,0.5,0.0,0.0,5.5,0.5,8.25,1.0,0.5,2.5,0.1,0.0,0.0,0.0,0.0,0.0,0.0,0.5,0.0,1.25,0.0,0.0,0.0,0.0,0.0,0.0,0.0,0.0,0.0,0.0,0.0,0.0,0.0,0.0,0.0,0.0,0.0,0.0,0.0,0.0,0.0,0.0,0.0,0.0,0.0,0.0,0.0,0.0,0.0,0.0,0.0,0.0,0.0,0.0,0.0,0.0,0.0,0.0,0.0,0.0,0.0,0.0,0.0,0.0,0.0,0.0,0.0,0.0,0.0,0.0,0.0,0.0
8312019,"Southern U. @ Atlanta, GA",W 3 - 0,3,59.66666666666666,21.33333333333333,143.0,0.2896666666666667,57.66666666666666,7.333333333333332,9.0,52.66666666666666,2.333333333333333,1.0,16.333333333333332,2.0,76.16666666666667,0.0,0.0,0.0,0.0,0.6666666666666666,0.3333333333333333,1.3333333333333333,6.0,0.6666666666666666,0.0,0.0,0.0,0.3333333333333333,0.0,0.0,0.0,0.0,2.333333333333333,1.0,0.3333333333333333,7.333333333333332,0.0,0.0,0.0,0.0,1.0,0.0,0.0,0.3333333333333333,0.0,0.0,0.0,1.0,4.333333333333333,0.0,0.0,0.0,0.0,0.0,1.3333333333333333,0.0,4.0,0.12133333333333332,21.66666666666667,0.6666666666666666,0.3333333333333333,3.333333333333333,0.0,0.0,1.0,0.0,2.5,0.6666666666666666,0.3333333333333333,4.333333333333333,0.08333333333333333,27.33333333333333,1.0,1.3333333333333333,4.666666666666667,0.0,0.3333333333333333,0.3333333333333333,0.0,2.1666666666666665,0.0,0.0,0.0,0.0,0.3333333333333333,0.6666666666666666,0.3333333333333333,2.6666666666666665,0.3333333333333333,0.0,0.0,0.0,0.6666666666666666,6.333333333333332,2.333333333333333,15.333333333333336,0.272,0.0,0.0,0.0,0.3333333333333333,0.0,0.3333333333333333,5.0,0.3333333333333333,9.166666666666666,1.3333333333333333,1.0,3.0,0.06666666666666668,0.0,0.0,0.0,0.0,0.0,0.0,0.6666666666666666,0.0,1.6666666666666667,0.3333333333333333,0.0,0.6666666666666666,0.16666666666666666,0.0,0.0,0.0,0.0,0.0,0.0,0.0,0.0,0.3333333333333333,0.0,0.0,0.0,0.0,0.0,0.0,0.0,0.0,0.0,0.0,0.0,0.0,0.0,0.0,0.0,0.0,0.0,0.0,0.0,0.0,0.0,0.0,0.0,0.0,0.0,0.0,0.0,0.0,0.0,0.0,0.0,0.0,0.0,0.0,0.0,0.0,0.0,0.0,0.0
9052019,Texas St.,L 2 - 3,5,59.75,21.0,148.25,0.27825,56.25,6.5,10.75,58.0,3.25,1.0,16.25,2.0,75.375,0.0,0.0,0.0,0.0,0.75,0.25,1.0,7.75,1.25,0.0,0.0,0.0,0.25,0.0,0.0,0.0,0.0,2.0,1.0,0.25,7.5,0.0,0.0,0.0,0.0,1.0,0.0,0.0,0.25,0.0,0.0,0.0,1.25,4.5,0.0,0.0,0.0,0.0,0.0,1.0,0.0,3.0,0.091,16.25,0.5,0.25,2.5,0.0,0.0,0.75,0.0,1.875,1.25,0.25,5.25,0.15625,31.0,0.75,2.25,5.0,0.0,0.25,0.75,0.0,2.625,0.0,0.0,0.0,0.0,0.5,0.5,0.5,3.0,0.25,0.0,0.0,0.0,0.5,6.5,2.25,15.75,0.2775,0.25,0.0,0.0,0.5,0.0,0.25,5.0,0.25,9.25,2.75,1.75,8.0,0.0825,0.25,0.0,0.75,1.25,0.0,0.0,1.0,0.0,3.25,0.5,0.0,0.75,0.375,0.0,0.0,0.0,0.0,0.0,0.0,0.0,0.0,0.5,0.0,0.0,0.0,0.0,0.0,0.0,0.0,0.0,0.0,0.0,0.0,0.0,0.0,0.0,0.0,0.0,0.0,0.0,0.0,0.0,0.0,0.0,0.0,0.0,0.0,0.0,0.0,0.0,0.0,0.0,0.0,0.0,0.0,0.0,0.0,0.0,0.0,0.0,0.0
9062019,Georgia,L 1 - 3,4,56.8,20.6,144.2,0.2632,53.6,6.0,9.6,57.6,3.0,1.2,16.6,2.2,72.3,0.0,0.0,0.0,0.0,0.6,0.2,0.8,7.8,1.0,0.0,0.0,0.0,0.2,0.0,0.0,0.0,0.0,1.6,1.0,0.4,7.2,0.2,0.0,0.0,0.0,1.0,0.0,0.0,0.2,0.0,0.0,0.0,1.0,3.6,0.0,0.0,0.0,0.0,0.0,0.8,0.0,2.4,0.0728,14.6,0.4,0.4,2.0,0.0,0.0,0.6,0.0,1.5,1.4,0.4,5.2,0.16499999999999998,30.4,0.8,1.8,5.8,0.0,0.2,0.8,0.4,2.8,0.0,0.0,0.0,0.0,0.6,0.4,0.6,5.0,0.2,0.0,0.0,0.0,0.4,6.0,2.2,15.2,0.2528,0.2,0.0,0.0,1.0,0.0,0.6,5.2,0.2,9.2,2.6,1.4,7.4,0.146,0.2,0.0,0.6,1.2,0.2,0.0,0.8,0.0,3.0,0.4,0.0,0.6,0.3,0.0,0.0,0.0,0.0,0.0,0.0,0.0,0.0,0.4,0.0,0.0,0.0,0.0,0.0,0.0,0.0,0.0,0.0,0.0,0.0,0.0,0.0,0.0,0.0,0.0,0.0,0.0,0.0,0.0,0.0,0.0,0.0,0.0,0.0,0.0,0.0,0.0,0.0,0.0,0.0,0.0,0.0,0.0,0.0,0.0,0.0,0.0,0.0
9072019,UCLA,L 0 - 3,3,55.33333333333334,19.83333333333333,142.83333333333334,0.2585,52.16666666666666,6.0,9.5,58.33333333333334,3.333333333333333,1.1666666666666667,16.166666666666668,2.0,70.58333333333333,0.0,0.0,0.0,0.0,0.5,0.16666666666666666,0.6666666666666666,7.666666666666668,1.0,0.0,0.0,0.0,0.16666666666666666,0.0,0.0,0.0,0.0,1.8333333333333333,0.8333333333333334,0.3333333333333333,6.666666666666668,0.5,0.0,0.0,0.0,0.8333333333333334,0.0,0.0,0.16666666666666666,0.0,0.0,0.0,0.8333333333333334,3.5,0.0,0.0,0.0,0.0,0.0,0.6666666666666666,0.0,2.0,0.060666666666666674,12.166666666666664,0.3333333333333333,0.3333333333333333,1.6666666666666667,0.0,0.0,0.5,0.0,1.25,1.6666666666666667,0.3333333333333333,5.333333333333333,0.22083333333333333,31.16666666666667,0.8333333333333334,1.8333333333333333,5.666666666666668,0.0,0.16666666666666666,0.8333333333333334,0.3333333333333333,3.083333333333333,0.0,0.0,0.0,0.0,0.8333333333333334,0.6666666666666666,0.6666666666666666,4.666666666666667,0.16666666666666666,0.0,0.0,0.0,0.6666666666666666,6.166666666666668,2.1666666666666665,15.666666666666664,0.25699999999999995,0.16666666666666666,0.0,0.0,1.0,0.16666666666666666,0.5,5.0,0.16666666666666666,9.166666666666666,2.1666666666666665,1.1666666666666667,6.166666666666668,0.12166666666666665,0.16666666666666666,0.0,0.6666666666666666,1.3333333333333333,0.16666666666666666,0.0,0.8333333333333334,0.0,2.583333333333333,0.3333333333333333,0.0,0.5,0.25,0.0,0.0,0.0,0.0,0.0,0.0,0.0,0.0,0.3333333333333333,0.0,0.0,0.0,0.0,0.0,0.0,0.0,0.0,0.0,0.0,0.0,0.0,0.0,0.0,0.0,0.0,0.0,0.0,0.0,0.0,0.0,0.0,0.0,0.0,0.0,0.0,0.0,0.0,0.0,0.0,0.0,0.0,0.0,0.0,0.0,0.0,0.0,0.0,0.0
9132019,"James Madison @ Gainesville, Fla.",L 0 - 3,3,52.57142857142857,20.428571428571427,139.42857142857142,0.236,49.28571428571429,5.7142857142857135,8.571428571428571,57.14285714285714,3.571428571428572,1.1428571428571428,15.285714285714285,2.142857142857143,67.07142857142857,0.0,0.0,0.0,0.0,0.5714285714285714,0.14285714285714285,0.5714285714285714,7.2857142857142865,1.0,0.0,0.0,0.0,0.14285714285714285,0.0,0.0,0.0,0.0,1.7142857142857142,0.7142857142857143,0.2857142857142857,6.428571428571429,0.5714285714285714,0.0,0.0,0.0,0.7142857142857143,0.0,0.0,0.14285714285714285,0.0,0.0,0.0,0.7142857142857143,3.0,0.0,0.0,0.0,0.0,0.0,0.5714285714285714,0.0,1.7142857142857142,0.052000000000000005,11.285714285714285,0.2857142857142857,0.2857142857142857,1.8571428571428568,0.0,0.0,0.42857142857142855,0.0,1.0714285714285714,1.8571428571428568,0.2857142857142857,5.857142857142858,0.23685714285714285,29.714285714285715,0.7142857142857143,1.5714285714285714,5.428571428571429,0.0,0.14285714285714285,1.1428571428571428,0.2857142857142857,3.2857142857142856,0.0,0.0,0.0,0.0,0.7142857142857143,0.5714285714285714,0.5714285714285714,4.285714285714286,0.14285714285714285,0.0,0.0,0.0,0.5714285714285714,5.285714285714286,1.8571428571428568,13.428571428571427,0.22028571428571425,0.14285714285714285,0.0,0.0,0.8571428571428571,0.14285714285714285,0.42857142857142855,4.285714285714286,0.14285714285714285,7.857142857142858,2.0,1.1428571428571428,5.857142857142858,0.10428571428571427,0.14285714285714285,0.0,0.7142857142857143,1.2857142857142858,0.14285714285714285,0.0,0.7142857142857143,0.0,2.357142857142857,0.2857142857142857,0.0,0.42857142857142855,0.21428571428571427,0.0,0.0,0.0,0.0,0.0,0.0,0.0,0.0,0.2857142857142857,0.0,0.0,0.0,0.0,0.0,0.0,0.0,0.0,0.0,0.0,0.0,0.0,0.0,0.0,0.0,0.0,0.0,0.0,0.0,0.0,0.0,0.0,0.0,0.0,0.0,0.0,0.5714285714285714,0.14285714285714285,1.2857142857142858,0.047571428571428584,0.0,0.0,0.0,0.14285714285714285,0.0,0.0,0.0,0.0,0.5714285714285714
9132019,"South Fla. @ Gainesville, Fla.",W 3 - 2,5,53.5,21.0,143.0,0.2325,50.0,5.875,8.25,58.875,4.375,1.5,14.625,2.0,68.1875,0.0,0.0,0.0,0.0,0.5,0.125,0.5,7.25,1.125,0.0,0.0,0.0,0.125,0.0,0.0,0.0,0.0,1.75,0.625,0.25,6.5,0.875,0.0,0.0,0.0,0.625,0.0,0.0,0.125,0.0,0.0,0.0,0.625,2.625,0.0,0.0,0.0,0.0,0.0,0.5,0.0,1.5,0.0455,9.875,0.25,0.25,1.625,0.0,0.0,0.375,0.0,0.9375,2.375,0.5,7.0,0.240625,31.5,1.0,1.5,6.125,0.0,0.125,1.25,0.25,4.125,0.0,0.0,0.0,0.0,0.875,0.5,0.75,4.625,0.5,0.0,0.0,0.0,0.5,4.625,1.625,11.75,0.19275,0.125,0.0,0.0,0.75,0.125,0.375,3.75,0.125,6.875,2.75,1.5,8.125,0.112125,0.25,0.0,0.625,2.375,0.125,0.0,0.875,0.125,3.1875,0.625,0.0,1.125,0.25,0.0,0.0,0.0,0.125,0.0,0.125,0.375,0.0,0.9375,0.0,0.0,0.0,0.0,0.0,0.0,0.0,0.0,0.0,0.0,0.0,0.0,0.0,0.0,0.0,0.0,0.0,0.0,0.0,0.0,0.0,0.0,0.0,0.0,0.0,0.0,0.625,0.125,1.375,0.104125,0.0,0.0,0.0,0.125,0.0,0.0,0.0,0.0,0.625
9142019,@ Florida,L 2 - 3,5,55.555555555555564,21.555555555555557,145.66666666666666,0.23722222222222225,52.111111111111114,5.777777777777778,8.666666666666666,59.111111111111114,4.666666666666667,1.4444444444444444,13.222222222222221,2.0,69.3888888888889,0.0,0.0,0.0,0.0,0.5555555555555556,0.1111111111111111,0.5555555555555556,7.222222222222222,1.1111111111111112,0.0,0.0,0.0,0.1111111111111111,0.0,0.0,0.0,0.0,1.6666666666666667,0.5555555555555556,0.2222222222222222,6.4444444444444455,0.8888888888888888,0.0,0.0,0.0,0.5555555555555556,0.0,0.0,0.1111111111111111,0.0,0.0,0.0,0.5555555555555556,2.333333333333333,0.0,0.0,0.0,0.0,0.0,0.4444444444444444,0.0,1.3333333333333333,0.040444444444444436,8.777777777777779,0.2222222222222222,0.2222222222222222,1.4444444444444444,0.0,0.0,0.3333333333333333,0.0,0.8333333333333334,2.4444444444444446,0.5555555555555556,7.4444444444444455,0.2341111111111111,34.44444444444444,1.0,1.5555555555555556,6.4444444444444455,0.0,0.1111111111111111,1.1111111111111112,0.2222222222222222,4.111111111111111,0.0,0.0,0.0,0.0,1.0,0.4444444444444444,0.8888888888888888,5.333333333333333,0.4444444444444444,0.0,0.0,0.0,0.4444444444444444,4.111111111111111,1.4444444444444444,10.444444444444443,0.1713333333333333,0.1111111111111111,0.0,0.0,0.6666666666666666,0.1111111111111111,0.3333333333333333,3.333333333333333,0.1111111111111111,6.111111111111112,3.888888888888889,1.6666666666666667,10.555555555555557,0.13666666666666666,0.2222222222222222,0.0,0.5555555555555556,2.333333333333333,0.3333333333333333,0.0,0.7777777777777778,0.1111111111111111,4.277777777777779,1.0,0.1111111111111111,1.8888888888888888,0.2638888888888889,0.1111111111111111,0.1111111111111111,0.0,0.1111111111111111,0.0,0.1111111111111111,0.3333333333333333,0.0,1.3888888888888888,0.0,0.0,0.0,0.0,0.0,0.0,0.0,0.0,0.0,0.0,0.0,0.0,0.0,0.0,0.0,0.0,0.0,0.0,0.0,0.0,0.0,0.0,0.0,0.0,0.0,0.0,0.5555555555555556,0.2222222222222222,1.4444444444444444,0.037000000000000005,0.0,0.0,0.0,0.1111111111111111,0.0,0.0,0.0,0.0,0.5555555555555556
9192019,@ San Diego St.,L 1 - 3,4,54.9,22.0,143.1,0.23270000000000005,51.4,5.6,8.5,56.8,4.7,1.4,13.5,1.9,68.65,0.0,0.0,0.0,0.0,0.5,0.1,0.5,6.9,1.1,0.0,0.0,0.0,0.1,0.0,0.0,0.0,0.0,1.7,0.5,0.4,6.0,1.0,0.0,0.0,0.0,0.5,0.0,0.0,0.1,0.0,0.0,0.0,0.5,2.2,0.0,0.0,0.0,0.0,0.0,0.4,0.1,1.3,-0.0636,9.8,0.2,0.2,1.8,0.0,0.0,0.5,0.0,0.85,2.4,0.7,7.5,0.2107,33.4,0.9,1.4,6.3,0.0,0.1,1.1,0.2,3.95,0.0,0.0,0.0,0.0,0.9,0.5,0.9,4.9,0.4,0.0,0.0,0.0,0.5,4.0,1.4,10.4,0.17419999999999994,0.1,0.1,0.1,1.0,0.1,0.3,3.4,0.2,6.1,3.8,1.8,10.3,0.12300000000000001,0.2,0.0,0.6,2.2,0.3,0.0,0.8,0.1,4.2,1.1,0.3,2.3,0.2375,0.1,0.1,0.0,0.1,0.0,0.1,0.5,0.0,1.55,0.0,0.0,0.0,0.0,0.0,0.0,0.0,0.0,0.0,0.0,0.0,0.0,0.0,0.0,0.0,0.0,0.0,0.0,0.0,0.0,0.0,0.0,0.0,0.0,0.0,0.0,0.6,0.3,1.5,0.0333,0.0,0.0,0.0,0.1,0.0,0.0,0.0,0.0,0.6
9202019,"Southern California @ San Diego, CA",L 0 - 3,3,52.54545454545455,21.181818181818183,137.0909090909091,0.2304545454545455,49.27272727272727,5.363636363636363,8.272727272727273,54.09090909090909,5.363636363636363,1.2727272727272727,13.0,1.7272727272727273,65.68181818181819,0.0,0.0,0.0,0.0,0.4545454545454545,0.09090909090909093,0.4545454545454545,6.363636363636362,1.0909090909090908,0.0,0.0,0.0,0.09090909090909093,0.0,0.0,0.0,0.0,1.5454545454545454,0.4545454545454545,0.3636363636363637,5.636363636363638,1.0909090909090908,0.0,0.0,0.0,0.4545454545454545,0.0,0.0,0.09090909090909093,0.0,0.18181818181818185,0.0,0.5454545454545454,2.090909090909091,0.0,0.0,0.0,0.0,0.0,0.3636363636363637,0.09090909090909093,1.2727272727272727,-0.057818181818181824,9.0,0.18181818181818185,0.18181818181818185,1.6363636363636365,0.0,0.0,0.4545454545454545,0.0,0.7727272727272727,2.5454545454545454,0.7272727272727273,7.454545454545454,0.2305454545454545,32.18181818181818,0.8181818181818182,1.4545454545454546,6.1818181818181825,0.0,0.09090909090909093,1.0909090909090908,0.18181818181818185,4.0,0.0,0.0,0.0,0.0,1.0,0.5454545454545454,0.8181818181818182,4.727272727272728,0.6363636363636364,0.0,0.0,0.0,0.5454545454545454,3.727272727272727,1.2727272727272727,9.636363636363637,0.20381818181818184,0.09090909090909093,0.18181818181818185,0.09090909090909093,1.0,0.09090909090909093,0.2727272727272727,3.1818181818181817,0.18181818181818185,5.7727272727272725,3.636363636363636,1.6363636363636365,9.545454545454543,0.20272727272727276,0.18181818181818185,0.0,0.6363636363636364,2.0,0.2727272727272727,0.0,0.7272727272727273,0.09090909090909093,4.0,1.0,0.2727272727272727,2.090909090909091,0.2159090909090909,0.18181818181818185,0.09090909090909093,0.0,0.18181818181818185,0.09090909090909093,0.09090909090909093,0.5454545454545454,0.0,1.4545454545454546,0.0,0.0,0.0,0.0,0.0,0.0,0.0,0.0,0.0,0.0,0.0,0.0,0.0,0.0,0.0,0.0,0.0,0.0,0.0,0.0,0.0,0.0,0.0,0.0,0.0,0.0,0.5454545454545454,0.2727272727272727,1.3636363636363635,0.030272727272727267,0.0,0.0,0.0,0.09090909090909093,0.0,0.0,0.0,0.0,0.5454545454545454
9212019,@ San Diego,L 0 - 3,3,50.75,21.66666666666667,135.25,0.21416666666666676,47.5,5.0,8.0,52.91666666666666,5.166666666666667,1.25,12.916666666666664,1.8333333333333333,63.45833333333334,0.0,0.0,0.0,0.0,0.4166666666666667,0.08333333333333333,0.5,6.0,1.0,0.0,0.0,0.0,0.08333333333333333,0.0,0.0,0.0,0.0,1.5,0.4166666666666667,0.3333333333333333,5.75,1.0,0.0,0.0,0.0,0.4166666666666667,0.0,0.0,0.08333333333333333,0.0,0.16666666666666666,0.0,0.5,2.083333333333333,0.08333333333333333,0.0,0.0,0.0,0.0,0.3333333333333333,0.25,1.6666666666666667,-0.08075,10.083333333333334,0.16666666666666666,0.25,2.0,0.0,0.0,0.5833333333333334,0.0,0.7916666666666666,2.333333333333333,0.6666666666666666,6.833333333333332,0.2113333333333333,29.66666666666667,0.75,1.3333333333333333,5.75,0.0,0.08333333333333333,1.0833333333333333,0.25,3.7083333333333335,0.0,0.0,0.0,0.0,0.9166666666666666,0.5,0.8333333333333334,4.583333333333333,0.5833333333333334,0.0,0.0,0.0,0.5,3.4166666666666665,1.1666666666666667,8.916666666666666,0.18683333333333327,0.08333333333333333,0.16666666666666666,0.08333333333333333,0.9166666666666666,0.08333333333333333,0.25,3.0,0.25,5.333333333333333,3.4166666666666665,1.9166666666666667,9.5,0.14883333333333335,0.16666666666666666,0.0,0.6666666666666666,1.9166666666666667,0.3333333333333333,0.0,0.75,0.08333333333333333,3.7916666666666665,1.0,0.25,2.25,0.21875,0.16666666666666666,0.08333333333333333,0.0,0.16666666666666666,0.08333333333333333,0.08333333333333333,0.75,0.0,1.5416666666666667,0.0,0.08333333333333333,0.25,-0.02775,0.0,0.0,0.0,0.0,0.0,0.0,0.08333333333333333,0.0,0.04166666666666666,0.0,0.0,0.0,0.0,0.0,0.0,0.0,0.0,0.0,0.0,0.0,0.0,0.0,0.5,0.3333333333333333,1.4166666666666667,-0.013916666666666671,0.0,0.0,0.0,0.08333333333333333,0.0,0.0,0.0,0.08333333333333333,0.5
9242019,@ Cal Poly,L 0 - 3,3,49.769230769230774,21.23076923076923,132.9230769230769,0.2138461538461539,46.53846153846154,4.846153846153847,7.9230769230769225,52.53846153846154,5.538461538461538,1.1538461538461535,12.230769230769232,2.0769230769230766,61.884615384615394,0.0,0.0,0.0,0.0,0.38461538461538464,0.07692307692307693,0.4615384615384616,5.615384615384616,0.9230769230769232,0.0,0.0,0.0,0.07692307692307693,0.0,0.0,0.0,0.0,1.3846153846153846,0.38461538461538464,0.38461538461538464,6.0,1.0,0.0,0.0,0.0,0.38461538461538464,0.0,0.0,0.07692307692307693,0.0,0.15384615384615385,0.0,0.4615384615384616,1.9230769230769231,0.07692307692307693,0.0,0.0,0.0,0.0,0.38461538461538464,0.38461538461538464,2.1538461538461537,-0.08415384615384616,11.846153846153848,0.15384615384615385,0.3076923076923077,2.230769230769231,0.0,0.0,0.5384615384615384,0.07692307692307693,0.8076923076923077,2.1538461538461537,0.6153846153846154,6.307692307692308,0.19507692307692304,27.384615384615387,0.6923076923076923,1.2307692307692308,5.307692307692308,0.0,0.07692307692307693,1.0,0.2307692307692308,3.4230769230769234,0.0,0.0,0.0,0.0,0.8461538461538461,0.6153846153846154,1.0,4.461538461538462,0.6153846153846154,0.0,0.0,0.0,0.6153846153846154,3.1538461538461537,1.1538461538461535,8.384615384615385,0.134,0.07692307692307693,0.15384615384615385,0.07692307692307693,0.9230769230769232,0.07692307692307693,0.2307692307692308,2.769230769230769,0.3076923076923077,4.9230769230769225,3.3846153846153846,1.9230769230769231,9.461538461538463,0.14592307692307693,0.15384615384615385,0.0,0.6153846153846154,2.0,0.38461538461538464,0.0,0.7692307692307693,0.07692307692307693,3.7692307692307687,1.0769230769230769,0.4615384615384616,2.8461538461538463,0.19423076923076926,0.15384615384615385,0.07692307692307693,0.0,0.15384615384615385,0.07692307692307693,0.07692307692307693,0.7692307692307693,0.07692307692307693,1.6153846153846154,0.0,0.07692307692307693,0.2307692307692308,-0.025615384615384616,0.0,0.0,0.0,0.0,0.0,0.0,0.07692307692307693,0.0,0.038461538461538464,0.0,0.0,0.0,0.0,0.0,0.0,0.0,0.0,0.0,0.0,0.0,0.0,0.0,0.4615384615384616,0.3076923076923077,1.3076923076923077,-0.01284615384615385,0.0,0.0,0.0,0.07692307692307693,0.0,0.0,0.07692307692307693,0.07692307692307693,0.5
9272019,Hawaii,L 1 - 3,4,49.42857142857143,21.571428571428577,132.35714285714286,0.2094285714285715,46.14285714285714,4.571428571428571,8.214285714285714,52.28571428571429,5.571428571428571,1.3571428571428572,11.928571428571427,2.071428571428572,61.32142857142857,0.0,0.0,0.0,0.0,0.35714285714285715,0.07142857142857142,0.42857142857142855,5.285714285714286,0.8571428571428571,0.0,0.0,0.0,0.07142857142857142,0.0,0.0,0.0,0.0,1.4285714285714286,0.35714285714285715,0.5,6.0,1.0,0.0,0.0,0.0,0.35714285714285715,0.0,0.0,0.07142857142857142,0.0,0.14285714285714285,0.0,0.42857142857142855,1.7857142857142858,0.07142857142857142,0.0,0.0,0.0,0.0,0.42857142857142855,0.5714285714285714,2.5,-0.09857142857142856,13.5,0.14285714285714285,0.5,2.571428571428572,0.0,0.07142857142857142,0.5,0.14285714285714285,0.8928571428571429,2.0,0.5714285714285714,5.857142857142858,0.1811428571428571,25.42857142857143,0.6428571428571429,1.1428571428571428,4.928571428571429,0.0,0.07142857142857142,0.9285714285714286,0.21428571428571427,3.1785714285714284,0.0,0.0,0.0,0.0,0.8571428571428571,0.5714285714285714,1.0714285714285714,4.5,0.7857142857142857,0.0,0.0,0.0,0.5714285714285714,2.9285714285714284,1.0714285714285714,7.7857142857142865,0.12442857142857144,0.07142857142857142,0.14285714285714285,0.07142857142857142,0.8571428571428571,0.07142857142857142,0.21428571428571427,2.571428571428572,0.2857142857142857,4.571428571428571,3.2142857142857144,1.8571428571428568,9.0,0.1355,0.14285714285714285,0.0,0.5714285714285714,1.8571428571428568,0.35714285714285715,0.0,0.7142857142857143,0.07142857142857142,3.571428571428572,1.0,0.42857142857142855,2.642857142857143,0.18035714285714285,0.14285714285714285,0.07142857142857142,0.0,0.14285714285714285,0.07142857142857142,0.07142857142857142,0.7142857142857143,0.07142857142857142,1.5,0.0,0.07142857142857142,0.21428571428571427,-0.023785714285714292,0.0,0.0,0.0,0.0,0.0,0.0,0.07142857142857142,0.0,0.03571428571428571,0.42857142857142855,0.5714285714285714,2.142857142857143,-0.0047857142857142855,0.07142857142857142,0.07142857142857142,0.21428571428571427,0.42857142857142855,0.0,0.0,0.14285714285714285,0.0,0.5714285714285714,1.0714285714285714,0.42857142857142855,2.5,0.015857142857142854,0.0,0.0,0.0,0.14285714285714285,0.0,0.0,0.14285714285714285,0.07142857142857142,1.1428571428571428
10052019,@ CSUN,W 3 - 1,4,50.2,21.33333333333333,133.73333333333332,0.21420000000000008,47.06666666666667,4.666666666666667,8.4,52.86666666666667,5.266666666666667,1.5333333333333334,12.066666666666665,2.2,62.43333333333333,0.0,0.0,0.0,0.0,0.4,0.06666666666666668,0.4,5.7333333333333325,0.8,0.0,0.0,0.0,0.06666666666666668,0.0,0.0,0.13333333333333333,0.0,1.4666666666666666,0.4,0.5333333333333333,5.866666666666666,0.9333333333333332,0.0,0.0,0.06666666666666668,0.4,0.0,0.0,0.06666666666666668,0.0,0.13333333333333333,0.13333333333333333,0.5333333333333333,2.1333333333333333,0.13333333333333333,0.0,0.0,0.0,0.13333333333333333,0.4,0.5333333333333333,2.4,-0.092,13.4,0.13333333333333333,0.4666666666666667,2.466666666666667,0.0,0.13333333333333333,0.4666666666666667,0.13333333333333333,0.9,2.0,0.5333333333333333,6.066666666666666,0.18386666666666665,26.33333333333333,0.6,1.2666666666666666,5.0,0.0,0.06666666666666668,0.8666666666666667,0.2,3.1,0.0,0.0,0.0,0.0,0.8,0.5333333333333333,1.0666666666666669,4.333333333333333,0.7333333333333333,0.0,0.0,0.0,0.5333333333333333,2.8666666666666667,1.1333333333333333,7.933333333333334,0.11613333333333335,0.06666666666666668,0.13333333333333333,0.06666666666666668,0.8,0.06666666666666668,0.2,2.533333333333333,0.3333333333333333,4.466666666666667,3.0,1.7333333333333334,8.4,0.12646666666666667,0.13333333333333333,0.0,0.5333333333333333,1.7333333333333334,0.3333333333333333,0.0,0.6666666666666666,0.06666666666666668,3.333333333333333,0.9333333333333332,0.4,2.466666666666667,0.16833333333333333,0.13333333333333333,0.06666666666666668,0.0,0.13333333333333333,0.06666666666666668,0.06666666666666668,0.6666666666666666,0.06666666666666668,1.4,0.0,0.06666666666666668,0.2,-0.0222,0.0,0.0,0.0,0.0,0.0,0.0,0.06666666666666668,0.0,0.03333333333333333,1.6,0.9333333333333332,4.533333333333333,0.0166,0.06666666666666668,0.13333333333333333,0.3333333333333333,0.7333333333333333,0.0,0.06666666666666668,0.2,0.06666666666666668,1.9,1.2666666666666666,0.4,2.6,0.08146666666666666,0.0,0.0,0.0,0.13333333333333333,0.0,0.0,0.13333333333333333,0.06666666666666668,1.3333333333333333
10102019,@ UC Davis,L 2 - 3,5,50.625,21.4375,133.875,0.2164375000000001,47.5,4.75,8.5625,53.0,5.1875,1.75,12.1875,2.25,63.21875,0.0,0.0,0.0,0.0,0.375,0.0625,0.4375,6.125,0.875,0.0,0.0,0.0,0.0625,0.0,0.0,0.125,0.0,1.375,0.4375,0.5,5.5625,0.9375,0.0,0.0,0.0625,0.4375,0.0,0.0,0.0625,0.0,0.125,0.125,0.5,2.125,0.125,0.0,0.0,0.0,0.125,0.375,0.5,2.25,-0.08625000000000001,13.8125,0.125,0.4375,2.5625,0.0,0.125,0.5625,0.125,0.90625,2.3125,0.6875,6.9375,0.184875,26.1875,0.6875,1.3125,5.0625,0.0625,0.0625,0.9375,0.1875,3.53125,0.0,0.0,0.0,0.0,0.875,0.5,1.0,4.25,0.6875,0.0,0.0,0.0,0.5,2.9375,1.125,7.9375,0.1323125,0.0625,0.125,0.0625,0.75,0.0625,0.1875,2.5,0.375,4.5,2.8125,1.625,7.875,0.1185625,0.125,0.0,0.5,1.625,0.3125,0.0,0.625,0.0625,3.125,0.875,0.375,2.3125,0.1578125,0.125,0.0625,0.0,0.125,0.0625,0.0625,0.625,0.0625,1.3125,0.0,0.0625,0.1875,-0.0208125,0.0,0.0,0.0,0.0,0.0,0.0,0.0625,0.0,0.03125,2.125,1.25,6.25,0.023375,0.125,0.125,0.375,0.875,0.0,0.1875,0.3125,0.0625,2.59375,1.3125,0.5625,2.75,0.063875,0.0625,0.0,0.0,0.125,0.0,0.0,0.125,0.0625,1.375
10122019,@ UC Riverside,W 3 - 0,3,50.70588235294117,21.352941176470583,132.76470588235293,0.22005882352941186,47.411764705882355,4.588235294117646,8.470588235294116,52.82352941176471,5.0,1.7647058823529411,12.176470588235292,2.235294117647059,63.147058823529406,0.0,0.0,0.0,0.0,0.35294117647058826,0.05882352941176471,0.4117647058823529,6.294117647058822,0.8235294117647058,0.0,0.0,0.0,0.05882352941176471,0.0,0.0,0.1176470588235294,0.0,1.3529411764705883,0.4117647058823529,0.4705882352941176,5.235294117647058,0.8823529411764706,0.0,0.0,0.05882352941176471,0.4117647058823529,0.0,0.0,0.05882352941176471,0.0,0.2352941176470588,0.1176470588235294,0.5294117647058824,2.176470588235294,0.1176470588235294,0.0,0.0,0.0,0.1176470588235294,0.4117647058823529,0.5294117647058824,2.3529411764705883,-0.0811764705882353,14.941176470588234,0.17647058823529413,0.4117647058823529,2.7058823529411766,0.0,0.1176470588235294,0.5882352941176471,0.1176470588235294,1.0,2.235294117647059,0.6470588235294118,6.588235294117648,0.2328235294117647,24.94117647058824,0.6470588235294118,1.2352941176470589,4.764705882352942,0.05882352941176471,0.05882352941176471,0.8823529411764706,0.17647058823529413,3.3823529411764706,0.0,0.0,0.05882352941176471,0.0,0.9411764705882352,0.4705882352941176,1.0588235294117647,4.0588235294117645,0.7058823529411765,0.0,0.0,0.0,0.4705882352941176,2.764705882352941,1.0588235294117647,7.470588235294117,0.12452941176470587,0.05882352941176471,0.1176470588235294,0.05882352941176471,0.7058823529411765,0.05882352941176471,0.17647058823529413,2.3529411764705883,0.35294117647058826,4.235294117647058,2.647058823529412,1.5294117647058822,7.411764705882352,0.11158823529411764,0.1176470588235294,0.0,0.4705882352941176,1.5882352941176472,0.29411764705882354,0.0,0.5882352941176471,0.05882352941176471,2.9411764705882355,0.8235294117647058,0.35294117647058826,2.176470588235294,0.14852941176470588,0.1176470588235294,0.05882352941176471,0.0,0.1176470588235294,0.05882352941176471,0.05882352941176471,0.5882352941176471,0.05882352941176471,1.2352941176470589,0.0,0.05882352941176471,0.17647058823529413,-0.01958823529411765,0.0,0.0,0.0,0.0,0.0,0.0,0.05882352941176471,0.0,0.029411764705882356,2.647058823529412,1.5294117647058822,7.647058823529411,0.0318235294117647,0.1176470588235294,0.1176470588235294,0.4117647058823529,1.0588235294117647,0.0,0.17647058823529413,0.35294117647058826,0.1176470588235294,3.117647058823529,1.6470588235294117,0.8235294117647058,3.5882352941176467,0.06705882352941178,0.05882352941176471,0.0,0.0,0.1176470588235294,0.0,0.05882352941176471,0.2352941176470588,0.05882352941176471,1.8235294117647056
10182019,Cal St. Fullerton,L 0 - 3,3,50.611111111111114,21.33333333333333,132.05555555555554,0.22077777777777785,47.5,4.611111111111111,8.555555555555555,52.111111111111114,4.777777777777779,1.7222222222222223,12.055555555555555,2.1111111111111107,62.97222222222222,0.0,0.0,0.0,0.0,0.4444444444444444,0.1111111111111111,0.3888888888888889,6.166666666666668,0.7777777777777778,0.0,0.0,0.0,0.1111111111111111,0.0,0.0,0.1111111111111111,0.0,1.2777777777777777,0.3888888888888889,0.4444444444444444,4.9444444444444455,0.8333333333333334,0.0,0.0,0.05555555555555555,0.3888888888888889,0.0,0.0,0.05555555555555555,0.0,0.2222222222222222,0.1111111111111111,0.5,2.1666666666666665,0.1111111111111111,0.0,0.0,0.0,0.1111111111111111,0.3888888888888889,0.5,2.3888888888888893,-0.07666666666666667,15.722222222222221,0.16666666666666666,0.4444444444444444,3.1666666666666665,0.0,0.1111111111111111,0.5555555555555556,0.1111111111111111,0.9444444444444444,2.4444444444444446,0.8333333333333334,7.166666666666668,0.2264444444444444,24.277777777777782,0.6111111111111112,1.1666666666666667,4.722222222222221,0.05555555555555555,0.05555555555555555,1.0,0.16666666666666666,3.611111111111111,0.0,0.0,0.05555555555555555,0.0,0.8888888888888888,0.4444444444444444,1.0,3.8333333333333335,0.6666666666666666,0.0,0.0,0.0,0.4444444444444444,2.6666666666666665,1.0555555555555556,7.166666666666668,0.11761111111111112,0.05555555555555555,0.1111111111111111,0.05555555555555555,0.6666666666666666,0.05555555555555555,0.16666666666666666,2.2222222222222223,0.3333333333333333,4.055555555555555,2.5,1.4444444444444444,7.0,0.10538888888888888,0.1111111111111111,0.0,0.4444444444444444,1.5,0.2777777777777778,0.0,0.5555555555555556,0.05555555555555555,2.7777777777777777,1.0,0.4444444444444444,2.555555555555556,0.15261111111111111,0.1111111111111111,0.05555555555555555,0.0,0.1111111111111111,0.05555555555555555,0.05555555555555555,0.5555555555555556,0.05555555555555555,1.3888888888888888,0.0,0.05555555555555555,0.16666666666666666,-0.018500000000000003,0.0,0.0,0.0,0.0,0.0,0.0,0.05555555555555555,0.0,0.027777777777777776,2.888888888888889,1.7222222222222223,8.666666666666666,0.034333333333333334,0.1111111111111111,0.16666666666666666,0.5,1.0555555555555556,0.0,0.16666666666666666,0.4444444444444444,0.1111111111111111,3.4444444444444446,1.5555555555555556,0.7777777777777778,3.388888888888889,0.06333333333333334,0.05555555555555555,0.0,0.0,0.1111111111111111,0.0,0.05555555555555555,0.2222222222222222,0.05555555555555555,1.7222222222222223
10192019,UC Irvine,W 3 - 0,3,50.368421052631575,21.105263157894736,130.89473684210526,0.22305263157894745,47.157894736842096,4.578947368421051,8.578947368421053,51.94736842105264,4.631578947368421,1.6842105263157894,12.052631578947368,2.0,62.657894736842096,0.0,0.0,0.0,0.0,0.42105263157894735,0.15789473684210525,0.3684210526315789,6.052631578947367,0.7368421052631579,0.0,0.0,0.0,0.15789473684210525,0.0,0.0,0.10526315789473684,0.0,1.263157894736842,0.3684210526315789,0.5263157894736842,4.894736842105263,0.7894736842105263,0.0,0.0,0.05263157894736842,0.3684210526315789,0.0,0.0,0.05263157894736842,0.0,0.21052631578947367,0.10526315789473684,0.5263157894736842,2.3684210526315788,0.10526315789473684,0.0,0.0,0.0,0.10526315789473684,0.3684210526315789,0.4736842105263158,2.421052631578948,-0.07263157894736842,16.842105263157894,0.21052631578947367,0.42105263157894735,3.421052631578948,0.0,0.10526315789473684,0.5789473684210527,0.10526315789473684,0.9736842105263158,2.3157894736842106,0.7894736842105263,6.789473684210527,0.21452631578947368,23.0,0.5789473684210527,1.1052631578947372,4.473684210526316,0.05263157894736842,0.05263157894736842,0.9473684210526316,0.15789473684210525,3.421052631578948,0.0,0.0,0.05263157894736842,0.0,0.8421052631578947,0.42105263157894735,0.9473684210526316,3.631578947368421,0.631578947368421,0.0,0.0,0.0,0.42105263157894735,2.526315789473684,1.0,6.789473684210527,0.11142105263157896,0.05263157894736842,0.10526315789473684,0.05263157894736842,0.631578947368421,0.05263157894736842,0.15789473684210525,2.1052631578947367,0.3157894736842105,3.842105263157895,3.0,1.5263157894736843,7.894736842105262,0.11957894736842105,0.10526315789473684,0.0,0.42105263157894735,1.5263157894736843,0.2631578947368421,0.0,0.6842105263157895,0.05263157894736842,3.3421052631578947,1.1578947368421053,0.4736842105263158,2.7894736842105257,0.1671578947368421,0.10526315789473684,0.05263157894736842,0.0,0.10526315789473684,0.05263157894736842,0.05263157894736842,0.7894736842105263,0.05263157894736842,1.6578947368421053,0.0,0.05263157894736842,0.15789473684210525,-0.017526315789473685,0.0,0.0,0.0,0.0,0.0,0.0,0.05263157894736842,0.0,0.02631578947368421,2.736842105263158,1.631578947368421,8.210526315789473,0.03252631578947368,0.10526315789473684,0.15789473684210525,0.4736842105263158,1.0,0.0,0.15789473684210525,0.42105263157894735,0.10526315789473684,3.263157894736842,1.4736842105263157,0.7368421052631579,3.2105263157894735,0.06000000000000001,0.05263157894736842,0.0,0.0,0.10526315789473684,0.0,0.05263157894736842,0.21052631578947367,0.05263157894736842,1.631578947368421
10262019,CSUN,W 3 - 2,5,51.2,21.45,133.0,0.22315000000000004,48.0,4.45,8.85,53.15,4.65,1.6,12.25,2.0,63.375,0.0,0.0,0.0,0.0,0.4,0.2,0.35,6.05,0.75,0.0,0.0,0.0,0.2,0.0,0.0,0.1,0.0,1.25,0.35,0.6,4.8,0.75,0.0,0.0,0.05,0.35,0.0,0.0,0.05,0.0,0.25,0.1,0.65,2.95,0.1,0.0,0.0,0.0,0.1,0.35,0.5,2.55,-0.079,18.7,0.2,0.4,3.8,0.0,0.1,0.7,0.1,1.0,2.25,0.75,6.5,0.2538,21.9,0.55,1.05,4.3,0.05,0.05,0.9,0.15,3.3,0.0,0.0,0.05,0.0,0.8,0.45,1.0,3.9,0.6,0.0,0.0,0.0,0.45,2.4,1.0,6.6,0.0892,0.05,0.1,0.05,0.6,0.05,0.15,2.0,0.3,3.65,3.5,1.65,9.15,0.12725000000000006,0.1,0.0,0.45,1.5,0.3,0.0,0.65,0.05,3.825,1.25,0.45,3.15,0.17379999999999998,0.1,0.05,0.0,0.1,0.05,0.05,0.75,0.1,1.725,0.0,0.05,0.15,-0.01665,0.0,0.0,0.0,0.0,0.0,0.0,0.05,0.0,0.025,2.65,1.55,7.9,0.055899999999999984,0.1,0.15,0.45,1.0,0.0,0.15,0.4,0.1,3.15,1.55,0.8,3.5,0.06255000000000001,0.05,0.0,0.0,0.15,0.0,0.05,0.3,0.05,1.75
10292019,@ UC Santa Barbara,L 1 - 3,4,51.523809523809526,21.714285714285715,133.9047619047619,0.22223809523809526,48.0952380952381,4.285714285714286,8.80952380952381,53.28571428571429,4.714285714285714,1.619047619047619,12.047619047619047,2.0,63.452380952380956,0.0,0.0,0.0,0.0,0.42857142857142855,0.19047619047619047,0.3333333333333333,6.047619047619048,0.7142857142857143,0.0,0.0,0.0,0.19047619047619047,0.0,0.0,0.09523809523809523,0.0,1.1904761904761905,0.3333333333333333,0.5714285714285714,4.571428571428571,0.7142857142857143,0.0,0.0,0.047619047619047616,0.3333333333333333,0.0,0.0,0.047619047619047616,0.0,0.2857142857142857,0.09523809523809523,0.6190476190476191,3.095238095238096,0.09523809523809523,0.0,0.0,0.0,0.09523809523809523,0.3809523809523809,0.4761904761904762,2.523809523809524,-0.051428571428571435,19.52380952380953,0.19047619047619047,0.42857142857142855,3.9047619047619047,0.0,0.09523809523809523,0.7619047619047619,0.09523809523809523,1.0476190476190477,2.142857142857143,0.7142857142857143,6.333333333333332,0.2417142857142857,21.095238095238095,0.5238095238095238,1.0,4.190476190476192,0.047619047619047616,0.047619047619047616,0.8571428571428571,0.14285714285714285,3.1428571428571432,0.0,0.047619047619047616,0.19047619047619047,-0.015857142857142858,0.7619047619047619,0.42857142857142855,1.0,4.142857142857143,0.6666666666666666,0.0,0.0,0.0,0.42857142857142855,2.2857142857142856,0.9523809523809524,6.2857142857142865,0.08495238095238096,0.047619047619047616,0.09523809523809523,0.047619047619047616,0.5714285714285714,0.047619047619047616,0.14285714285714285,1.9047619047619049,0.2857142857142857,3.4761904761904763,3.4761904761904763,1.6666666666666667,9.0,0.12914285714285714,0.09523809523809523,0.0,0.4761904761904762,1.4761904761904765,0.2857142857142857,0.0,0.6190476190476191,0.047619047619047616,3.7857142857142856,1.2857142857142858,0.4761904761904762,3.523809523809524,0.16985714285714285,0.09523809523809523,0.047619047619047616,0.0,0.09523809523809523,0.047619047619047616,0.09523809523809523,0.8095238095238095,0.09523809523809523,1.8333333333333333,0.0,0.047619047619047616,0.14285714285714285,-0.015857142857142858,0.0,0.0,0.0,0.0,0.0,0.0,0.047619047619047616,0.0,0.023809523809523808,3.1904761904761907,1.761904761904762,8.952380952380953,0.06595238095238094,0.09523809523809523,0.14285714285714285,0.4761904761904762,1.0476190476190477,0.0,0.14285714285714285,0.42857142857142855,0.09523809523809523,3.690476190476191,1.4761904761904765,0.7619047619047619,3.333333333333333,0.059571428571428574,0.047619047619047616,0.0,0.0,0.14285714285714285,0.0,0.047619047619047616,0.2857142857142857,0.047619047619047616,1.6666666666666667
11012019,UC Riverside,W 3 - 0,3,51.45454545454545,21.227272727272727,132.9090909090909,0.2279545454545455,47.95454545454545,4.227272727272728,8.818181818181818,53.31818181818182,4.590909090909091,1.5909090909090908,11.772727272727273,1.9545454545454544,63.15909090909091,0.0,0.0,0.0,0.0,0.4090909090909091,0.18181818181818185,0.3181818181818182,5.7727272727272725,0.6818181818181818,0.0,0.0,0.0,0.18181818181818185,0.0,0.0,0.09090909090909093,0.0,1.2727272727272727,0.3181818181818182,0.5454545454545454,4.818181818181818,0.6818181818181818,0.0,0.0,0.045454545454545456,0.3181818181818182,0.0,0.045454545454545456,0.09090909090909093,-0.045454545454545456,0.3181818181818182,0.09090909090909093,0.5909090909090909,3.363636363636364,0.09090909090909093,0.0,0.0,0.0,0.09090909090909093,0.3636363636363637,0.5454545454545454,2.590909090909091,-0.07181818181818182,20.227272727272727,0.18181818181818185,0.4545454545454545,4.2727272727272725,0.0,0.09090909090909093,0.7727272727272727,0.09090909090909093,1.0227272727272727,2.0454545454545454,0.6818181818181818,6.045454545454546,0.2307272727272727,20.13636363636364,0.5,0.9545454545454546,4.0,0.045454545454545456,0.045454545454545456,0.8181818181818182,0.13636363636363635,3.0,0.0,0.045454545454545456,0.18181818181818185,-0.015136363636363637,0.7272727272727273,0.4090909090909091,0.9545454545454546,4.0,0.6363636363636364,0.0,0.0,0.0,0.4090909090909091,2.1818181818181817,0.9090909090909092,6.0,0.08109090909090909,0.045454545454545456,0.09090909090909093,0.045454545454545456,0.5454545454545454,0.045454545454545456,0.13636363636363635,1.818181818181818,0.2727272727272727,3.3181818181818183,3.3181818181818183,1.5909090909090908,8.590909090909092,0.12327272727272727,0.09090909090909093,0.0,0.4545454545454545,1.4090909090909092,0.2727272727272727,0.0,0.5909090909090909,0.045454545454545456,3.613636363636364,1.2272727272727273,0.4545454545454545,3.363636363636364,0.16213636363636366,0.09090909090909093,0.045454545454545456,0.0,0.09090909090909093,0.045454545454545456,0.09090909090909093,0.7727272727272727,0.09090909090909093,1.75,0.0,0.045454545454545456,0.13636363636363635,-0.015136363636363637,0.0,0.0,0.0,0.0,0.0,0.0,0.045454545454545456,0.0,0.022727272727272728,3.363636363636364,1.7272727272727273,9.772727272727273,0.07304545454545454,0.13636363636363635,0.13636363636363635,0.5454545454545454,1.0454545454545454,0.0,0.13636363636363635,0.4545454545454545,0.13636363636363635,3.863636363636364,1.5909090909090908,0.7272727272727273,3.6818181818181817,0.07340909090909092,0.045454545454545456,0.0,0.0,0.18181818181818185,0.0,0.045454545454545456,0.2727272727272727,0.045454545454545456,1.7727272727272727
11022019,UC Davis,L 2 - 3,5,51.91304347826087,21.73913043478261,134.8695652173913,0.22513043478260872,48.26086956521739,4.086956521739131,8.73913043478261,54.34782608695652,4.782608695652174,1.5652173913043481,11.695652173913045,1.8695652173913044,63.41304347826087,0.0,0.0,0.0,0.0,0.39130434782608703,0.17391304347826084,0.3043478260869565,5.521739130434782,0.6521739130434783,0.0,0.0,0.0,0.17391304347826084,0.0,0.0,0.08695652173913042,0.0,1.3478260869565215,0.3043478260869565,0.5217391304347826,5.0,0.6956521739130435,0.0,0.0,0.043478260869565216,0.3043478260869565,0.0,0.043478260869565216,0.08695652173913042,-0.043478260869565216,0.3043478260869565,0.08695652173913042,0.5652173913043478,3.5217391304347827,0.17391304347826084,0.0,0.0,0.0,0.08695652173913042,0.39130434782608703,0.5217391304347826,2.739130434782609,-0.061434782608695664,21.43478260869565,0.17391304347826084,0.43478260869565216,4.521739130434782,0.0,0.08695652173913042,0.7391304347826086,0.08695652173913042,1.0217391304347827,1.9565217391304348,0.6521739130434783,5.782608695652174,0.22069565217391304,19.26086956521739,0.4782608695652174,0.9130434782608696,3.8260869565217392,0.043478260869565216,0.043478260869565216,0.7826086956521741,0.13043478260869565,2.8695652173913038,0.0,0.043478260869565216,0.17391304347826084,-0.014478260869565218,0.6956521739130435,0.39130434782608703,0.9130434782608696,3.9565217391304346,0.6956521739130435,0.0,0.0,0.0,0.39130434782608703,2.0869565217391304,0.8695652173913043,5.7391304347826075,0.07756521739130436,0.043478260869565216,0.08695652173913042,0.043478260869565216,0.5217391304347826,0.043478260869565216,0.13043478260869565,1.7391304347826086,0.2608695652173913,3.1739130434782608,3.217391304347826,1.608695652173913,8.347826086956523,0.10343478260869564,0.08695652173913042,0.0,0.43478260869565216,1.3478260869565215,0.2608695652173913,0.0,0.5652173913043478,0.043478260869565216,3.5,1.173913043478261,0.43478260869565216,3.217391304347826,0.15508695652173912,0.08695652173913042,0.043478260869565216,0.0,0.08695652173913042,0.043478260869565216,0.08695652173913042,0.7391304347826086,0.08695652173913042,1.673913043478261,0.0,0.043478260869565216,0.13043478260869565,-0.014478260869565218,0.0,0.0,0.0,0.0,0.0,0.0,0.043478260869565216,0.0,0.021739130434782608,3.652173913043478,2.0869565217391304,11.173913043478262,0.0698695652173913,0.13043478260869565,0.13043478260869565,0.6086956521739131,1.3043478260869563,0.0,0.13043478260869565,0.5217391304347826,0.13043478260869565,4.173913043478262,1.7391304347826086,0.7391304347826086,4.086956521739131,0.08360869565217392,0.043478260869565216,0.0,0.0,0.17391304347826084,0.0,0.043478260869565216,0.3478260869565217,0.043478260869565216,1.9565217391304348
11082019,@ UC Irvine,W 3 - 0,3,51.70833333333334,21.416666666666668,133.20833333333334,0.23020833333333335,48.0,4.0,8.625,53.75,4.791666666666667,1.625,11.708333333333336,1.8333333333333333,63.1875,0.0,0.0,0.0,0.0,0.375,0.16666666666666666,0.2916666666666667,5.458333333333332,0.625,0.0,0.0,0.0,0.16666666666666666,0.0,0.0,0.08333333333333333,0.0,1.4583333333333333,0.2916666666666667,0.5,5.041666666666667,0.7916666666666666,0.0,0.0,0.04166666666666666,0.2916666666666667,0.0,0.04166666666666666,0.08333333333333333,-0.04166666666666666,0.375,0.16666666666666666,0.5416666666666666,3.6666666666666665,0.20833333333333331,0.0,0.0,0.0,0.16666666666666666,0.5416666666666666,0.5,2.958333333333333,-0.03804166666666667,21.83333333333333,0.16666666666666666,0.5,4.541666666666667,0.0,0.08333333333333333,0.7916666666666666,0.08333333333333333,1.1875,1.875,0.625,5.541666666666668,0.2115,18.45833333333333,0.4583333333333333,0.875,3.6666666666666665,0.04166666666666666,0.04166666666666666,0.75,0.125,2.75,0.0,0.04166666666666666,0.16666666666666666,-0.013875,0.6666666666666666,0.375,0.875,3.7916666666666665,0.6666666666666666,0.0,0.0,0.0,0.375,2.0,0.8333333333333334,5.5,0.07433333333333332,0.04166666666666666,0.08333333333333333,0.04166666666666666,0.5,0.04166666666666666,0.125,1.6666666666666667,0.25,3.0416666666666665,3.5,1.7083333333333333,8.75,0.113,0.08333333333333333,0.0,0.4166666666666667,1.2916666666666667,0.2916666666666667,0.0,0.5833333333333334,0.04166666666666666,3.7916666666666665,1.125,0.4166666666666667,3.333333333333333,0.14862499999999998,0.08333333333333333,0.04166666666666666,0.0,0.16666666666666666,0.04166666666666666,0.08333333333333333,0.8333333333333334,0.08333333333333333,1.6666666666666667,0.0,0.04166666666666666,0.125,-0.013875,0.0,0.0,0.0,0.0,0.0,0.0,0.04166666666666666,0.0,0.02083333333333333,3.5,2.0,10.708333333333334,0.06695833333333333,0.125,0.125,0.5833333333333334,1.25,0.0,0.125,0.5,0.125,4.0,1.6666666666666667,0.7083333333333334,3.9166666666666665,0.08012500000000003,0.04166666666666666,0.0,0.0,0.16666666666666666,0.0,0.04166666666666666,0.3333333333333333,0.04166666666666666,1.875
11092019,@ Cal St. Fullerton,W 3 - 0,3,51.56,21.04,131.88,0.23540000000000005,47.76,4.04,8.6,53.48,4.72,1.56,11.64,1.76,62.98,0.0,0.0,0.0,0.0,0.36,0.24,0.32,5.28,0.64,0.0,0.0,0.0,0.24,0.0,0.0,0.08,0.0,1.4,0.32,0.52,5.08,0.8,0.0,0.0,0.04,0.32,0.0,0.04,0.16,-0.04,0.4,0.16,0.56,3.92,0.2,0.0,0.0,0.0,0.16,0.56,0.48,2.92,-0.01652,22.52,0.2,0.48,4.56,0.0,0.08,0.84,0.08,1.26,2.0,0.6,5.56,0.23636,17.72,0.44,0.88,3.56,0.04,0.04,0.76,0.12,2.86,0.0,0.04,0.16,-0.013319999999999999,0.64,0.36,0.84,3.64,0.64,0.0,0.0,0.0,0.36,1.92,0.8,5.28,0.07136,0.04,0.08,0.04,0.48,0.04,0.12,1.6,0.24,2.92,3.6,1.8,8.96,0.11420000000000002,0.08,0.0,0.4,1.28,0.28,0.0,0.6,0.04,3.9,1.24,0.4,3.52,0.16268000000000002,0.12,0.04,0.0,0.16,0.04,0.08,0.96,0.08,1.84,0.0,0.04,0.12,-0.013319999999999999,0.0,0.0,0.0,0.0,0.0,0.0,0.04,0.0,0.02,3.36,1.92,10.28,0.06427999999999999,0.12,0.12,0.56,1.2,0.0,0.12,0.48,0.12,3.84,1.6,0.68,3.76,0.07692000000000003,0.04,0.0,0.0,0.16,0.0,0.04,0.32,0.04,1.8
11152019,UC Santa Barbara,W 3 - 0,3,51.42307692307693,20.76923076923077,131.5,0.23707692307692316,47.57692307692307,3.9230769230769234,8.5,53.384615384615394,4.615384615384615,1.5769230769230769,11.884615384615385,1.7692307692307692,62.865384615384606,0.0,0.0,0.0,0.0,0.38461538461538464,0.2307692307692308,0.3076923076923077,5.346153846153847,0.6153846153846154,0.0,0.0,0.0,0.2307692307692308,0.0,0.0,0.07692307692307693,0.0,1.3461538461538465,0.3076923076923077,0.5,4.884615384615385,0.7692307692307693,0.0,0.0,0.038461538461538464,0.3076923076923077,0.0,0.038461538461538464,0.15384615384615385,-0.038461538461538464,0.38461538461538464,0.15384615384615385,0.5384615384615384,3.9230769230769234,0.2307692307692308,0.0,0.0,0.0,0.15384615384615385,0.6153846153846154,0.4615384615384616,2.9230769230769234,0.00976923076923077,23.07692307692308,0.19230769230769232,0.5,4.538461538461538,0.0,0.1153846153846154,0.8461538461538461,0.07692307692307693,1.3461538461538465,2.4615384615384617,0.6538461538461539,6.5769230769230775,0.2416923076923077,17.115384615384613,0.4230769230769231,0.9615384615384616,3.807692307692308,0.038461538461538464,0.038461538461538464,0.8076923076923077,0.1153846153846154,3.3269230769230766,0.0,0.038461538461538464,0.15384615384615385,-0.012807692307692308,0.6153846153846154,0.3461538461538461,0.8076923076923077,3.5,0.6153846153846154,0.0,0.0,0.0,0.3461538461538461,1.8461538461538465,0.7692307692307693,5.0769230769230775,0.06861538461538462,0.038461538461538464,0.07692307692307693,0.038461538461538464,0.4615384615384616,0.038461538461538464,0.1153846153846154,1.5384615384615383,0.2307692307692308,2.8076923076923075,3.4615384615384617,1.7307692307692308,8.615384615384615,0.10980769230769233,0.07692307692307693,0.0,0.38461538461538464,1.2307692307692308,0.2692307692307692,0.0,0.5769230769230769,0.038461538461538464,3.75,1.2692307692307692,0.38461538461538464,3.615384615384616,0.16923076923076924,0.1153846153846154,0.038461538461538464,0.0,0.19230769230769232,0.038461538461538464,0.07692307692307693,1.1153846153846154,0.07692307692307693,1.9423076923076923,0.0,0.038461538461538464,0.1153846153846154,-0.012807692307692308,0.0,0.0,0.0,0.0,0.0,0.0,0.038461538461538464,0.0,0.019230769230769232,3.2307692307692313,1.8461538461538465,9.884615384615383,0.0618076923076923,0.1153846153846154,0.1153846153846154,0.5384615384615384,1.1538461538461535,0.0,0.1153846153846154,0.4615384615384616,0.1153846153846154,3.692307692307693,1.5384615384615383,0.6538461538461539,3.615384615384616,0.07396153846153848,0.038461538461538464,0.0,0.0,0.15384615384615385,0.0,0.038461538461538464,0.3076923076923077,0.038461538461538464,1.7307692307692308
11162019,Cal Poly,W 3 - 1,4,51.444444444444436,20.703703703703702,131.0,0.2386666666666667,47.481481481481474,3.962962962962963,8.444444444444445,53.407407407407405,4.703703703703703,1.5555555555555556,12.333333333333336,1.7407407407407407,63.12962962962962,0.0,0.0,0.0,0.0,0.3703703703703704,0.2222222222222222,0.2962962962962963,5.333333333333333,0.5925925925925926,0.0,0.0,0.0,0.2222222222222222,0.0,0.0,0.07407407407407407,0.0,1.2962962962962965,0.2962962962962963,0.4814814814814815,4.703703703703703,0.7407407407407407,0.0,0.0,0.037037037037037035,0.2962962962962963,0.0,0.037037037037037035,0.14814814814814814,-0.037037037037037035,0.3703703703703704,0.14814814814814814,0.5185185185185185,4.0,0.25925925925925924,0.0,0.0,0.0,0.14814814814814814,0.5925925925925926,0.4444444444444444,2.962962962962963,0.009407407407407408,23.88888888888889,0.1851851851851852,0.5185185185185185,4.666666666666667,0.0,0.1111111111111111,0.8518518518518519,0.07407407407407407,1.3148148148148149,2.962962962962963,0.8148148148148148,7.4444444444444455,0.2463333333333333,16.48148148148148,0.4074074074074074,0.9629629629629628,3.888888888888889,0.1111111111111111,0.037037037037037035,0.8518518518518519,0.1111111111111111,3.8333333333333335,0.0,0.037037037037037035,0.14814814814814814,-0.012333333333333332,0.5925925925925926,0.3333333333333333,0.7777777777777778,3.3703703703703702,0.5925925925925926,0.0,0.0,0.0,0.3333333333333333,2.2592592592592595,0.7407407407407407,5.703703703703702,0.08796296296296298,0.037037037037037035,0.07407407407407407,0.037037037037037035,0.5555555555555556,0.037037037037037035,0.1111111111111111,1.7777777777777777,0.2222222222222222,3.333333333333333,3.333333333333333,1.6666666666666667,8.296296296296296,0.10574074074074076,0.07407407407407407,0.0,0.3703703703703704,1.1851851851851851,0.25925925925925924,0.0,0.5555555555555556,0.037037037037037035,3.611111111111111,1.2222222222222223,0.3703703703703704,3.4814814814814814,0.16296296296296298,0.1111111111111111,0.037037037037037035,0.0,0.1851851851851852,0.037037037037037035,0.07407407407407407,1.0740740740740742,0.07407407407407407,1.8703703703703705,0.0,0.037037037037037035,0.1111111111111111,-0.012333333333333332,0.0,0.0,0.0,0.0,0.0,0.0,0.037037037037037035,0.0,0.018518518518518517,3.111111111111111,1.7777777777777777,9.518518518518519,0.05951851851851851,0.1111111111111111,0.1111111111111111,0.5185185185185185,1.1111111111111112,0.0,0.1111111111111111,0.4444444444444444,0.1111111111111111,3.555555555555556,1.4814814814814814,0.6296296296296297,3.4814814814814814,0.07122222222222223,0.037037037037037035,0.0,0.0,0.14814814814814814,0.0,0.037037037037037035,0.2962962962962963,0.037037037037037035,1.6666666666666667
11222019,@ Hawaii,L 0 - 3,3,50.714285714285715,20.607142857142858,129.89285714285714,0.23478571428571435,46.82142857142857,3.9642857142857135,8.214285714285714,52.75,4.964285714285714,1.5714285714285714,12.178571428571427,1.75,62.339285714285715,0.0,0.0,0.0,0.0,0.35714285714285715,0.21428571428571427,0.35714285714285715,5.214285714285714,0.6071428571428571,0.0,0.0,0.0,0.21428571428571427,0.0,0.0,0.07142857142857142,0.0,1.25,0.2857142857142857,0.4642857142857143,4.642857142857143,0.75,0.0,0.0,0.03571428571428571,0.2857142857142857,0.0,0.03571428571428571,0.14285714285714285,-0.03571428571428571,0.35714285714285715,0.17857142857142858,0.5,3.9642857142857135,0.35714285714285715,0.0,0.0,0.0,0.17857142857142858,0.6428571428571429,0.4642857142857143,3.071428571428572,0.015035714285714288,24.035714285714285,0.17857142857142858,0.5,4.857142857142857,0.0,0.10714285714285714,0.8928571428571429,0.07142857142857142,1.375,3.071428571428572,0.9642857142857144,8.035714285714286,0.2390357142857143,15.928571428571427,0.5,0.9285714285714286,3.8571428571428568,0.21428571428571427,0.03571428571428571,0.8571428571428571,0.10714285714285714,4.035714285714286,0.0,0.03571428571428571,0.14285714285714285,-0.011892857142857144,0.5714285714285714,0.32142857142857145,0.75,3.25,0.5714285714285714,0.0,0.0,0.0,0.32142857142857145,2.2857142857142856,0.8214285714285714,5.857142857142858,0.08482142857142858,0.03571428571428571,0.07142857142857142,0.03571428571428571,0.5357142857142857,0.03571428571428571,0.17857142857142858,1.8214285714285716,0.21428571428571427,3.446428571428572,3.2142857142857144,1.6071428571428572,8.0,0.10196428571428573,0.07142857142857142,0.0,0.35714285714285715,1.1428571428571428,0.25,0.0,0.5357142857142857,0.03571428571428571,3.4821428571428568,1.1785714285714286,0.35714285714285715,3.3571428571428568,0.15714285714285714,0.10714285714285714,0.03571428571428571,0.0,0.17857142857142858,0.03571428571428571,0.07142857142857142,1.0357142857142858,0.07142857142857142,1.8035714285714288,0.0,0.03571428571428571,0.10714285714285714,-0.011892857142857144,0.0,0.0,0.0,0.0,0.0,0.0,0.03571428571428571,0.0,0.017857142857142856,3.0357142857142856,1.75,9.428571428571429,0.057392857142857134,0.10714285714285714,0.10714285714285714,0.5,1.0714285714285714,0.0,0.10714285714285714,0.42857142857142855,0.10714285714285714,3.4642857142857144,1.4285714285714286,0.6071428571428571,3.3571428571428568,0.06867857142857144,0.03571428571428571,0.0,0.0,0.14285714285714285,0.0,0.03571428571428571,0.2857142857142857,0.03571428571428571,1.6071428571428572
12042019,Santa Clara,L 2 - 3,5,51.17241379310346,20.82758620689655,131.6206896551724,0.2337931034482759,47.06896551724138,4.0344827586206895,8.137931034482758,53.3448275862069,5.0,1.5517241379310345,12.06896551724138,1.7586206896551724,62.793103448275865,0.0,0.0,0.0,0.0,0.3448275862068966,0.20689655172413796,0.3448275862068966,5.172413793103448,0.6206896551724138,0.0,0.0,0.0,0.20689655172413796,0.0,0.0,0.06896551724137931,0.0,1.206896551724138,0.27586206896551724,0.4482758620689655,4.793103448275862,0.7586206896551724,0.0,0.0,0.03448275862068965,0.27586206896551724,0.0,0.03448275862068965,0.13793103448275862,-0.03448275862068965,0.3793103448275862,0.1724137931034483,0.4827586206896552,4.137931034482759,0.3448275862068966,0.0,0.0,0.0,0.1724137931034483,0.6896551724137931,0.4482758620689655,3.2413793103448274,0.02313793103448276,24.931034482758623,0.2413793103448276,0.4827586206896552,5.0344827586206895,0.0,0.10344827586206896,0.9310344827586208,0.10344827586206896,1.5,3.3793103448275863,1.2758620689655171,9.137931034482758,0.2325172413793103,15.413793103448276,0.5172413793103449,1.0,3.9655172413793114,0.27586206896551724,0.03448275862068965,0.8620689655172413,0.10344827586206896,4.362068965517241,0.0,0.03448275862068965,0.13793103448275862,-0.011482758620689657,0.5517241379310345,0.3103448275862069,0.7241379310344828,3.1379310344827585,0.5517241379310345,0.0,0.0,0.0,0.3103448275862069,2.3103448275862073,0.8275862068965517,6.103448275862068,0.08720689655172413,0.03448275862068965,0.06896551724137931,0.03448275862068965,0.5172413793103449,0.03448275862068965,0.1724137931034483,1.862068965517241,0.20689655172413796,3.4827586206896552,3.103448275862069,1.5517241379310345,7.724137931034483,0.09844827586206896,0.06896551724137931,0.0,0.3448275862068966,1.1034482758620692,0.2413793103448276,0.0,0.5172413793103449,0.03448275862068965,3.362068965517241,1.137931034482759,0.3448275862068966,3.2413793103448274,0.1517241379310345,0.10344827586206896,0.03448275862068965,0.0,0.1724137931034483,0.03448275862068965,0.06896551724137931,1.0,0.06896551724137931,1.7413793103448276,0.0,0.03448275862068965,0.10344827586206896,-0.011482758620689657,0.0,0.0,0.0,0.0,0.0,0.0,0.03448275862068965,0.0,0.017241379310344827,2.9655172413793105,1.7241379310344829,9.172413793103447,0.05541379310344827,0.10344827586206896,0.10344827586206896,0.4827586206896552,1.0344827586206895,0.0,0.10344827586206896,0.4137931034482759,0.10344827586206896,3.3793103448275863,1.3793103448275863,0.5862068965517241,3.2413793103448274,0.06631034482758623,0.03448275862068965,0.0,0.0,0.13793103448275862,0.0,0.03448275862068965,0.27586206896551724,0.03448275862068965,1.5517241379310345
